Original,Final
Abate I.,Abate I.
Abbiati C.,Abbiati C.
Acatullo M.,Acatullo M.
Acerbi F.,Acerbi F.
Acosty B.,Acosty B.
Acquafresca R.,Acquafresca R.
Acquah A.,Acquah A.
Adjapong C.,Adjapong C.
Adnan A.,Adnan A.
Adriano L.,Adriano L.
Agliardi F.,Agliardi F.
Agostini A.,Agostini A.
Aguirre R.,Aguirre R.
Ajeti A.,Ajeti A.
Alastra F.,Alastra F.
Albertazzi M.,Albertazzi M.
Alberto L.,Luis Alberto
Albiol R.,Albiol R.
Aldegani G.,Aldegani G.
Aleesami H.,Aleesami H.
Alex ,Alex C.
Alex C.,Alex C.
Alex Sandro ,Alex Sandro 
Allan M.,Allan M.
Alonso M.,Alonso M.
Alvarez R.,Alvarez R.
Alves B.,Alves B.
Alves D.,Alves D.
Amauri C.,Amauri C.
Amauri D.,Amauri D.
Andelkovic S.,Andelkovic S.
Anderson F.,Anderson F.
Andreolli M.,Andreolli M.
Andujar M.,Andujar M.
Angella G.,Angella G.
Anibal S.,Anibal S.
Ansaldi C.,Ansaldi C.
Antei L.,Antei L.
Antonelli L.,Antonelli L.
Antonini L.,Antonini L.
Aquilani A.,Aquilani A.
Aramu M.,Aramu M.
Ariaudo L.,Ariaudo L.
Armero P.,Armero P.
Asamoah K.,Asamoah K.
Astori D.,Astori D.
Audero E.,Audero E.
Avelar D.,Avelar D.
Avramov V.,Avramov V.
Babacar K.,Babacar K.
Bacca C.,Bacca C.
Badelj M.,Badelj M.
Badu E.,Badu E.
Bagadur R.,Bagadur R.
Bahebeck J.,Bahebeck J.
Balic A.,Balic A.
Balogh N.,Balogh N.
Balotelli M.,Balotelli M.
Balzano A.,Balzano A.
Balzaretti F.,Balzaretti F.
Bamba S.,Bamba S.
Banega E.,Banega E.
Barak A.,Barak A.
Barba F.,Barba F.
Barberis A.,Barberis A.
Bardi F.,Bardi F.
Barella N.,Barella N.
Barreca A.,Barreca A.
Barreto E.,Barreto E.
Barreto P.,Barreto P.
Barzagli A.,Barzagli A.
Basanta J.,Basanta J.
Baselli D.,Baselli D.
Basha M.,Basha M.
Bassi D.,Bassi D.
Basta D.,Basta D.
Bastien S.,Bastien S.
Bastoni A.,Bastoni A.
Bastos ,Bastos 
Beghetto A.,Beghetto A.
Belec V.,Belec V.
Belfodil I.,Belfodil I.
Bellini G.,Bellini G.
Bellomo N.,Bellomo N.
Bellusci G.,Bellusci G.
Belmonte N.,Belmonte N.
Belotti A.,Belotti A.
Benali A.,Benali A.
Benalouane Y.,Benalouane Y.
Benassi M.,Benassi M.
Benatia M.,Benatia M.
Benedetti S.,Benedetti S.
Bentivegna A.,Bentivegna A.
Benussi F.,Benussi F.
Berardi D.,Berardi D.
Bereszynski B.,Bereszynski B.
Bergdich Z.,Bergdich Z.
Bergessio G.,Bergessio G.
Berisha E.,Berisha E.
Bernardeschi F.,Bernardeschi F.
Bertolacci A.,Bertolacci A.
Bertoncini D.,Bertoncini D.
Biabiany J.,Biabiany J.
Bianchetti M.,Bianchetti M.
Bianchi R.,Bianchi R.
Bianco P.,Bianco P.
Bianco R.,Bianco R.
Biava G.,Biava G.
Bidaoui S.,Bidaoui S.
Biglia L.,Biglia L.
Biondini D.,Biondini D.
Biraghi C.,Biraghi C.
Biraschi D.,Biraschi D.
Birsa V.,Birsa V.
Bisevac M.,Bisevac M.
Bittante L.,Bittante L.
Bizzarri A.,Bizzarri A.
Blanchard L.,Blanchard L.
Blaszczykowski J.,Blaszczykowski J.
Boakye R.,Boakye R.
Boateng K.,Boateng K.
Bocchetti S.,Bocchetti S.
Bolzoni F.,Bolzoni F.
Bonaventura G.,Bonaventura G.
Bonazzoli F.,Bonazzoli F.
Bonera D.,Bonera D.
Bonucci L.,Bonucci L.
Borja Valero ,Borja Valero 
Borriello M.,Borriello M.
Botta R.,Botta R.
Bouy O.,Bouy O.
Bovo C.,Bovo C.
Boye L.,Boye L.
Braafheid E.,Braafheid E.
Bressan W.,Bressan W.
Brienza F.,Brienza F.
Brighi M.,Brighi M.
Brignoli A.,Brignoli A.
Brillante J.,Brillante J.
Britos M.,Britos M.
Brivio D.,Brivio D.
Brkic Z.,Brkic Z.
Broh J.,Broh J.
Brozovic M.,Brozovic M.
Brugman G.,Brugman G.
Bruno A.,Bruno A.
Bubnjic I.,Bubnjic I.
Buchel M.,Buchel M.
Budimir A.,Budimir A.
Buffon G.,Buffon G.
Burdisso N.,Burdisso N.
Cabezas B.,Cabezas B.
Cacciatore F.,Cacciatore F.
Caceres M.,Caceres M.
Caio Rangel ,Caio Rangel 
Calabria D.,Calabria D.
Caldara M.,Caldara M.
Calhanoglu H.,Calhanoglu
Callejon J.,Callejon J.
Campagnaro H.,Campagnaro H.
Campanharo G.,Campanharo G.
Camporese M.,Camporese M.
Cana L.,Cana L.
Cancelo J.,Cancelo J.
Candreva A.,Candreva A.
Cannavaro P.,Cannavaro P.
Capel D.,Capel D.
Capelli D.,Capelli D.
Capezzi L.,Capezzi L.
Caprari G.,Caprari G.
Capuano M.,Capuano M.
Carbonero C.,Carbonero C.
Carlao ,Carlao 
Carlini M.,Carlini M.
Carmona C.,Carmona C.
Carrizo J.,Carrizo J.
Cascione E.,Cascione E.
Cassani M.,Cassani M.
Cassano A.,Cassano A.
Castan L.,Castan L.
Castellazzi L.,Castellazzi L.
Castillo N.,Castillo N.
Castro L.,Castro L.
Cataldi D.,Cataldi D.
Cavanda L.,Cavanda L.
Cazzola R.,Cazzola R.
Ceccherini F.,Ceccherini F.
Ceppitelli L.,Ceppitelli L.
Cerci A.,Cerci A.
Cerri A.,Cerri A.
Cesar B.,Cesar B.
Chalobah N.,Chalobah N.
Checchin L.,Checchin L.
Cherubin N.,Cherubin N.
Chibsah R.,Chibsah R.
Chibsah Y.,Chibsah Y.
Chiellini G.,Chiellini G.
Chiesa F.,Chiesa F.
Chiriches V.,Chiriches V.
Chochev I.,Chochev I.
Christiansen A.,Christiansen A.
Christodoulopoulos L.,Christodoulopoulos L.
Ciani M.,Ciani M.
Ciciretti A.,Ciciretti A.
Cigarini L.,Cigarini L.
Ciofani D.,Ciofani D.
Ciofani M.,Ciofani M.
Cionek T.,Cionek T.
Cissokho I.,Cissokho I.
Coda A.,Coda A.
Coda M.,Coda M.
Cofie I.,Cofie I.
Cojocaru V.,Cojocaru V.
Cole A.,Cole A.
Colombi S.,Colombi S.
Colombo R.,Colombo R.
Coman K.,Coman K.
Consigli A.,Consigli A.
Constant K.,Constant K.
Conti A.,Conti A.
Conti D.,Conti D.
Cop D.,Cop D.
Coppola F.,Coppola F.
Coppola M.,Coppola M.
Cordaz A.,Cordaz A.
Correa J.,Correa J.
Cosic U.,Cosic U.
Cossu A.,Cossu A.
Costa A.,Costa A.
Costa D.,Douglas Costa
Costa F.,Costa F.
Costa T.,Costa T.
Coulibaly M.,Coulibaly M.
Cragno A.,Cragno A.
Crecco L.,Crecco L.
Crescenzi A.,Crescenzi A.
Crimi M.,Crimi M.
Crisetig L.,Crisetig L.
Cristante B.,Cristante B.
Cristoforo S.,Cristoforo S.
Crivello R.,Crivello R.
Croce D.,Croce D.
Cuadrado J.,Cuadrado J.
Cubas A.,Cubas A.
Cutrone P.,Cutrone P.
Cuomo G.,Cuomo G.
D'alessandro M.,D'alessandro M.
D'ambrosio D.,D'ambrosio D.
Da Costa A.,Da Costa A.
Dainelli D.,Dainelli D.
Dal Monte N.,Dal Monte N.
Dalessandro M.,Dalessandro M.
Dambrosio D.,Dambrosio D.
Danilo L.,Danilo L.
Daprela F.,Daprela F.
Daprela' F.,Daprela' F.
Darmian M.,Darmian M.
David Lopez S.,David Lopez S.
De Ceglie P.,De Ceglie P.
De Feudis G.,De Feudis G.
De Giorgio P.,De Giorgio P.
De Guzman J.,De Guzman J.
De Jong N.,De Jong N.
De Maio S.,De Maio S.
De Paul R.,De Paul R.
De Roon M.,De Roon M.
De Rossi D.,De Rossi D.
De Sanctis M.,De Sanctis M.
De Sciglio M.,De Sciglio M.
De Silvestri L.,De Silvestri L.
De Vrij S.,De Vrij S.
Defrel G.,Defrel G.
Deiola A.,Deiola A.
Del G.,Del G.
Del Sole F.,Del Sole F.
Della Rocca F.,Della Rocca F.
Dellorco C.,Dellorco C.
Denis G.,Denis G.
Depaoli F.,Depaoli F.
Dessena D.,Dessena D.
Destro M.,Destro M.
Deulofeu G.,Deulofeu G.
Di Francesco F.,Di Francesco F.
Di Gaudio A.,Di Gaudio A.
Di Gennaro D.,Di Gennaro D.
Di Natale A.,Di Natale A.
Di Roberto N.,Di Roberto N.
Diakhate A.,Diakhate A.
Diakite M.,Diakite M.
Diamanti A.,Diamanti A.
Diawara A.,Diawara A.
Diego Lopez R.,Diego Lopez R.
Digne L.,Digne L.
Diks K.,Diks K.
Dimarco F.,Dimarco F.
Dionisi F.,Dionisi F.
Diousse A.,Diousse A.
Djimsiti B.,Djimsiti B.
Djordjevic F.,Djordjevic F.
Djordjevic L.,Djordjevic L.
Djurdjevic U.,Djurdjevic U.
Djuric M.,Djuric M.
Djuricic F.,Djuricic F.
Dodo ,Dodo R.
Dodo R.,Dodo R.
Dodo' R.,Dodo R.
Domizzi M.,Domizzi M.
Donkor I.,Donkor I.
Donnarumma G.,Donnarumma G.
Donsah G.,Donsah G.
Dos Santos C.,Dos Santos C.
Doumbia S.,Doumbia S.
Dragowski B.,Dragowski B.
Drame B.,Drame B.
Drame' B.,Drame B.
Duncan A.,Duncan A.
Duncan J.,Duncan J.
Dussenne N.,Dussenne N.
Dybala P.,Dybala P.
Dzeko E.,Dzeko E.
Dzemaili B.,Dzemaili B.
Edenilson A.,Edenilson A.
Eder C.,Eder C.
Ederson H.,Ederson H.
Edimar ,Edimar 
Ekdal A.,Ekdal A.
El Hamdaoui M.,El Hamdaoui M.
El Kaddouri O.,El Kaddouri O.
El Kaoutari A.,El Kaoutari A.
El Shaarawy ,El Shaarawy S.
El Shaarawy S.,El Shaarawy S.
Ely R.,Ely R.
Emanuelson U.,Emanuelson U.
Embalo C.,Embalo C.
Emerson P.,Emerson P.
Eramo M.,Eramo M.
Essien M.,Essien M.
Estigarribia M.,Estigarribia M.
Eto'o S.,Etoo S.
Etoo S.,Etoo S.
Evangelista L.,Evangelista L.
Evra P.,Evra P.
Ewandro ,Ewandro 
F. Anderson ,F. Anderson 
Falcinelli D.,Falcinelli D.
Falco F.,Falco F.
Farago P.,Farago P.
Faraoni D.,Faraoni D.
Fares M.,Fares M.
Farias D.,Farias D.
Farnerud A.,Farnerud A.
Fazio F.,Fazio F.
Fazzi N.,Fazzi N.
Fedato F.,Fedato F.
Feddal Z.,Feddal Z.
Fedele M.,Fedele M.
Felipe ,Felipe 
Felipe Anderson ,Felipe Anderson P.
Felipe Anderson P.,Felipe Anderson P.
Felipe D.,Felipe D.
Fernandes B.,Fernandes B.
Fernandez M.,Fernandez M.
Fernandinho ,Fernandinho 
Fernando L.,Fernando L.
Ferrari A.,Ferrari A.
Ferrari G.,Ferrari G.
Festa M.,Festa M.
Fetfatzidis G.,Fetfatzidis G.
Fiamozzi R.,Fiamozzi R.
Figueiras D.,Figueiras D.
Fiorillo V.,Fiorillo V.
Floccari S.,Floccari S.
Florenzi A.,Florenzi A.
Floro Flores A.,Floro Flores A.
Fofana S.,Fofana S.
Fontanesi L.,Fontanesi L.
Fornasier M.,Fornasier M.
Frara A.,Frara A.
Freuler R.,Freuler R.
Frey N.,Frey N.
Frezzolini G.,Frezzolini G.
Fulignati A.,Fulignati A.
Furman D.,Furman D.
Gabbiadini M.,Gabbiadini M.
Gabriel B.,Gabriel B.
Gabriel F.,Gabriel F.
Gabriel Silva A.,Gabriel Silva A.
Gabriel V.,Gabriel V.
Gagliardini R.,Gagliardini R.
Gagliolo R.,Gagliolo R.
Gakpe S.,Gakpe S.
Galloppa D.,Galloppa D.
Gamberini A.,Gamberini A.
Gargano W.,Gargano W.
Garritano L.,Garritano L.
Gastaldello D.,Gastaldello D.
Gaston Silva ,Gaston Silva P.
Gaston Silva P.,Gaston Silva P.
Gazzi A.,Gazzi A.
Gazzola M.,Gazzola M.
Geijo A.,Geijo A.
Gentiletti S.,Gentiletti S.
Gerson S.,Gerson S.
Gervinho ,Gervinho 
Ghezzal A.,Ghezzal A.
Ghoulam F.,Ghoulam F.
Giaccherini E.,Giaccherini E.
Giannetti N.,Giannetti N.
Gilardino A.,Gilardino A.
Gilberto ,Gilberto 
Gillet J.,Gillet J.
Giorgi L.,Giorgi L.
Giovinco S.,Giovinco S.
Glik K.,Glik K.
Gnahore E.,Gnahore E.
Gnoukouri A.,Gnoukouri A.
Gobbi M.,Gobbi M.
Goldaniga E.,Goldaniga E.
Gollini P.,Gollini P.
Gomez A.,Gomez A.
Gomez G.,Gomez G.
Gomez J.,Gomez J.
Gomez M.,Gomez M.
Gomis A.,Gomis A.
Gonzalez A.,Gonzalez A.
Gonzalez G.,Gonzalez G.
Gori M.,Gori M.
Grassi A.,Grassi A.
Greco L.,Greco L.
Grenier C.,Grenier C.
Guarente T.,Guarente T.
Guarin F.,Guarin F.
Gucher R.,Gucher R.
Guilherme D.,Guilherme D.
Guilherme d.,Guilherme D.
Gustafson S.,Gustafson S.
Gyomber N.,Gyomber N.
Hagi I.,Hagi I.
Hallberg M.,Hallberg M.
Hallfredsson E.,Hallfredsson E.
Hamsik M.,Hamsik M.
Han K.,Han K.
Handanovic S.,Handanovic S.
Haraslin L.,Haraslin L.
Hart J.,Hart J.
Hateboer H.,Hateboer H.
Helander F.,Helander F.
Henrique A.,Henrique A.
Henrique B.,Henrique B.
Hernanes ,Hernanes A.
Hernanes A.,Hernanes A.
Hetemaj P.,Hetemaj P.
Heurtaux T.,Heurtaux T.
Higuain G.,Higuain G.
Hiljemark O.,Hiljemark O.
Hoedt W.,Hoedt W.
Holebas J.,Holebas J.
Honda K.,Honda K.
Hugo Almeida ,Hugo Almeida 
Husbauer J.,Husbauer J.
Hysaj E.,Hysaj E.
Iacobucci A.,Iacobucci A.
Iago F.,Iago Falque
Ibarbo V.,Ibarbo V.
Icardi M.,Icardi M.
Ichazo S.,Ichazo S.
Iemmello P.,Iemmello P.
Ierardi M.,Ierardi M.
Ilicic J.,Ilicic J.
Immobile C.,Immobile C.
Inglese R.,Inglese R.
Inler G.,Inler G.
Insigne L.,Insigne L.
Ionita A.,Ionita A.
Isla M.,Isla M.
Iturbe J.,Iturbe J.
Iturra M.,Iturra M.
Ivan D.,Ivan D.
Izco M.,Izco M.
Izzo A.,Izzo A.
Jajalo M.,Jajalo M.
Jakupovic A.,Jakupovic A.
Jallow L.,Jallow L.
Jankovic B.,Jankovic B.
Jankto J.,Jankto J.
Jansson P.,Jansson P.
Jesus J.,Jesus J.
Joao Mario ,Joao Mario 
Joao Pedro ,Joao Pedro G.
Joao Pedro G.,Joao Pedro G.
Joao Silva ,Joao Silva 
Joaquin ,Joaquin 
Jonathan C.,Jonathan C.
Jorginho ,Jorginho 
Jorginho F.,Jorginho F.
Jorquera C.,Jorquera C.
Jovetic S.,Jovetic S.
Juan Jesus ,Juan Jesus G.
Juan Jesus G.,Juan Jesus G.
Kalinic N.,Kalinic N.
Karnezis O.,Karnezis O.
Kastanos G.,Kastanos G.
Kean M.,Kean M.
Keita B.,Keita B.
Keita S.,Keita S.
Kessie F.,Kessie F.
Khedira S.,Khedira S.
Kishna R.,Kishna R.
Klose M.,Klose M.
Kolarov A.,Kolarov A.
Kondogbia G.,Kondogbia G.
Kone P.,Kone P.
Konko A.,Konko A.
Kotnik A.,Kotnik A.
Koulibaly K.,Koulibaly K.
Kovacic M.,Kovacic M.
Krafth E.,Krafth E.
Kragl O.,Kragl O.
Krajnc L.,Krajnc L.
Krejci L.,Krejci L.
Krhin R.,Krhin R.
Krsticic N.,Krsticic N.
Krunic R.,Krunic R.
Kucka J.,Kucka J.
Kums S.,Kums S.
Kurtic J.,Kurtic J.
Kuzmanovic Z.,Kuzmanovic Z.
La Gumina A.,La Gumina A.
Lamanna E.,Lamanna E.
Lapadula G.,Lapadula G.
Laribi K.,Laribi K.
Larrondo P.,Larrondo P.
Lasagna K.,Lasagna K.
Laurini V.,Laurini V.
Laxalt D.,Laxalt D.
Lazaar A.,Lazaar A.
Lazarevic D.,Lazarevic D.
Lazovic D.,Lazovic D.
Lazzari A.,Lazzari A.
Leali N.,Leali N.
Ledesma C.,Ledesma C.
Leitner M.,Leitner M.
Lemina M.,Lemina M.
Lestienne M.,Lestienne M.
Letizia G.,Letizia G.
Letschert T.,Letschert T.
Lezzerini L.,Lezzerini L.
Lichtsteiner S.,Lichtsteiner S.
Lila A.,Lila A.
Linetty K.,Linetty K.
Lirola P.,Lirola P.
Livaja M.,Livaja M.
Ljajic A.,Ljajic A.
Llorente F.,Llorente F.
Lo Faso S.,Lo Faso S.
Locatelli M.,Locatelli M.
Lodi F.,Lodi F.
Lollo L.,Lollo L.
Lombardi C.,Lombardi C.
Longhi A.,Longhi A.
Longo S.,Longo S.
Lopez D.,Lopez D.
Lopez M.,Lopez M.
Lucarelli A.,Lucarelli A.
Leiva L.,Lucas Leiva
Lucas Souza V.,Lucas Souza V.
Lucchini S.,Lucchini S.
Luiz Adriano ,Luiz Adriano 
Lukaku J.,Lukaku J.
Lukic S.,Lukic S.
Lulic S.,Lulic S.
M'vila Y.,MVila Y.
Maccarone M.,Maccarone M.
Maggio C.,Maggio C.
Magnanelli F.,Magnanelli F.
Magnusson H.,Magnusson H.
Maicon D.,Maicon D.
Maiello R.,Maiello R.
Maietta D.,Maietta D.
Makienok S.,Makienok S.
Maksimovic N.,Maksimovic N.
Maloku L.,Maloku L.
Manaj R.,Manaj R.
Mancosu M.,Mancosu M.
Mandragora R.,Mandragora R.
Mandzukic M.,Mandzukic M.
Mangani T.,Mangani T.
Manolas K.,Manolas K.
Marchese G.,Marchese G.
Marchetti F.,Marchetti F.
Marchionni M.,Marchionni M.
Marchisio C.,Marchisio C.
Maresca E.,Maresca E.
Mariga M.,Mariga M.
Marilungo G.,Marilungo G.
Mario Rui ,Mario Rui 
Marques R.,Marques R.
Marquez R.,Marquez R.
Marquinho ,Marquinho 
Marrone L.,Marrone L.
Martella B.,Martella B.
Martic I.,Martic I.
Martinelli L.,Martinelli L.
Martinez J.,Martinez J.
Martinho R.,Martinho R.
Masiello A.,Masiello A.
Masiello S.,Masiello S.
Masina A.,Masina A.
Matavz T.,Matavz T.
Matheus P.,Matheus P.
Matos ,Matos 
Matos R.,Matos R.
Matri A.,Matri A.
Mattiello F.,Mattiello F.
Matuidi B.,Matuidi B.
Matuzalem F.,Matuzalem F.
Mauri J.,Mauri J.
Mauri S.,Mauri S.
Mauricio ,Mauricio 
Maxi Lopez ,Maxi Lopez 
Mazzitelli L.,Mazzitelli L.
Mazzotta A.,Mazzotta A.
Mbakogu J.,Mbakogu J.
Mbaye I.,Mbaye I.
Mchedlidze L.,Mchedlidze L.
Medel G.,Medel G.
Meggiorini R.,Meggiorini R.
Melchiorri F.,Melchiorri F.
Melo F.,Melo F.
Memushaj L.,Memushaj L.
Menez J.,Menez J.
Merkel A.,Merkel A.
Mertens D.,Mertens D.
Mesbah D.,Mesbah D.
Mesto G.,Mesto G.
Mexes P.,Mexes P.
Miangue S.,Miangue S.
Michu M.,Michu M.
Migliaccio G.,Migliaccio G.
Milic H.,Milic H.
Milik A.,Milik A.
Milinkovic S.,Milinkovic-Savic
Milinkovic-savic S.,Milinkovic-Savic
Miranda J.,Miranda J.
Mirante A.,Mirante A.
Missiroli S.,Missiroli S.
Mitrita A.,Mitrita A.
Moisander N.,Moisander N.
Molina S.,Molina S.
Molinaro C.,Molinaro C.
Monachello G.,Monachello G.
Moncini G.,Moncini G.
Montolivo R.,Montolivo R.
Montoya M.,Montoya M.
Moralez M.,Moralez M.
Moras E.,Moras E.
Morata A.,Morata A.
Moretti E.,Moretti E.
Morganella M.,Morganella M.
Morleo A.,Morleo A.
Moro D.,Moro D.
Morosini L.,Morosini L.
Morrison R.,Morrison R.
Mounier A.,Mounier A.
Mpoku P.,Mpoku P.
Mudingayi G.,Mudingayi G.
Munari G.,Munari G.
Munoz E.,Munoz E.
Muntari S.,Muntari S.
Murgia A.,Murgia A.
Muric R.,Muric R.
Muriel L.,Muriel L.
Murillo J.,Murillo J.
Murru N.,Murru N.
Mussis F.,Mussis F.
Nagatomo Y.,Nagatomo Y.
Nagy A.,Nagy A.
Nainggolan R.,Nainggolan R.
Nalini A.,Nalini A.
Natali C.,Natali C.
Nene' A.,Nene' A.
Nestorovski I.,Nestorovski I.
Neto N.,Neto N.
Ngoyi G.,Ngoyi G.
Niang ,Niang M.
Niang M.,Niang M.
Nica C.,Nica C.
Nico Lopez F.,Nico Lopez F.
Nicoletti M.,Nicoletti M.
Ninkovic N.,Ninkovic N.
Nkoulou N.,N'KOULOU
Nocerino A.,Nocerino A.
Novaretti D.,Novaretti D.
Ntcham O.,Ntcham O.
Obbadi M.,Obbadi M.
Obi J.,Obi J.
Obiang P.,Obiang P.
Ocampos L.,Ocampos L.
Ogbonna A.,Ogbonna A.
Oikonomou M.,Oikonomou M.
Okaka S.,Okaka S.
Okonkwo O.,Okonkwo O.
Olivera M.,Olivera M.
Onazi O.,Onazi O.
Orban L.,Orban L.
Osvaldo P.,Osvaldo P.
Padelli D.,Padelli D.
Padoin S.,Padoin S.
Paganini L.,Paganini L.
Pajac M.,Pajac M.
Palacio R.,Palacio R.
Paletta G.,Paletta G.
Palladino R.,Palladino R.
Palombo A.,Palombo A.
Paloschi A.,Paloschi A.
Pandev G.,Pandev G.
Panico G.,Panico G.
Paredes L.,Paredes L.
Parigini V.,Parigini V.
Parolo M.,Parolo M.
Pasalic M.,Pasalic M.
Pasciuti L.,Pasciuti L.
Pasqual M.,Pasqual M.
Pasquale G.,Pasquale G.
Patric ,Patric 
Pavlovic D.,Pavlovic D.
Pavoletti L.,Pavoletti L.
Pazzini G.,Pazzini G.
Pedro Mendes T.,Pedro Mendes T.
Pegolo G.,Pegolo G.
Pelagotti A.,Pelagotti A.
Pellegrini L.,Pellegrini L.
Pellissier S.,Pellissier S.
Peluso F.,Peluso F.
Penaranda A.,Penaranda A.
Pepe S.,Pepe S.
Perea B.,Perea B.
Pereira P.,Pereira P.
Pereirinha B.,Pereirinha B.
Peres B.,Peres B.
Pereyra R.,Pereyra R.
Perez J.,Perez J.
Perez R.,Perez R.
Perica S.,Perica S.
Perico G.,Perico G.
Perin M.,Perin M.
Perisic I.,Perisic I.
Perotti D.,Perotti D.
Pesic A.,Pesic A.
Petagna A.,Petagna A.
Petkovic B.,Petkovic B.
Pettinari S.,Pettinari S.
Pezzella G.,Pezzella G.
Pinamonti A.,Pinamonti A.
Pinilla M.,Pinilla M.
Pinzi G.,Pinzi G.
Piris I.,Piris I.
Pirlo A.,Pirlo A.
Pisacane F.,Pisacane F.
Pisano E.,Pisano E.
Pisano F.,Pisano F.
Piu A.,Piu A.
Pizarro D.,Pizarro D.
Pjaca M.,Pjaca M.
Pjanic M.,Pjanic M.
Plizzari A.,Plizzari A.
Podolski L.,Podolski L.
Pogba P.,Pogba P.
Poli A.,Poli A.
Poli F.,Poli F.
Politano M.,Politano M.
Pomini A.,Pomini A.
Porcari F.,Porcari F.
Posavec J.,Posavec J.
Pozzi N.,Pozzi N.
Praet D.,Praet D.
Prce F.,Prce F.
Prcic S.,Prcic S.
Pryima V.,Pryima V.
Pucciarelli M.,Pucciarelli M.
Puggioni C.,Puggioni C.
Pugliesi M.,Pugliesi M.
Pulgar E.,Pulgar E.
Pulzetti N.,Pulzetti N.
Puscas G.,Puscas G.
Quagliarella F.,Quagliarella F.
Quaison R.,Quaison R.
Radosevic J.,Radosevic J.
Radovanovic I.,Radovanovic I.
Radu S.,Radu S.
Radunovic B.,Radunovic B.
Rafael A.,Rafael A.
Rafael C.,Rafael C.
Rafael D.,Rafael D.
Rafael d.,Rafael D.
Ragusa A.,Ragusa A.
Raimondi C.,Raimondi C.
Rajkovic S.,Rajkovic S.
Rami A.,Rami A.
Ranocchia A.,Ranocchia A.
Rebic A.,Rebic A.
Regini V.,Regini V.
Reina J.,Reina J.
Reina P.,Reina P.
Renzetti F.,Renzetti F.
Ricci F.,Ricci F.
Richards M.,Richards M.
Rigoni L.,Rigoni L.
Rigoni N.,Rigoni N.
Rincon T.,Rincon T.
Rispoli A.,Rispoli A.
Ristovski S.,Ristovski S.
Rizzo L.,Rizzo L.
Rocca M.,Rocca M.
Rodriguez A.,Rodriguez A.
Rodriguez C.,Rodriguez C.
Rodriguez G.,Rodriguez G.
Rog M.,Rog M.
Rohden M.,Rohden M.
Romagnoli A.,Romagnoli A.
Romagnoli S.,Romagnoli S.
Romero S.,Romero S.
Romulo O.,Romulo O.
Romulo S.,Romulo S.
Ronaldo ,Ronaldo 
Roncaglia F.,Roncaglia F.
Rosi A.,Rosi A.
Rosseti V.,Rosseti V.
Rossettini L.,Rossettini L.
Rossi A.,Rossi A.
Rossi G.,Rossi G.
Rubinho ,Rubinho 
Rudiger A.,Rudiger A.
Rugani D.,Rugani D.
Rui M.,Rui M.
Russo A.,Russo A.
Sabelli S.,Sabelli S.
Sadiq U.,Sadiq U.
Sainsbury T.,Sainsbury T.
Sala J.,Sala J.
Salah M.,Salah M.
Salamon B.,Salamon B.
Salcedo C.,Salcedo C.
Sallai R.,Sallai R.
Salzano A.,Salzano A.
Samir ,Samir 
Sammarco P.,Sammarco P.
Sampirisi M.,Sampirisi M.
Sanabria A.,Sanabria A.
Sanchez C.,Sanchez C.
Sanchez Mino J.,Sanchez Mino J.
Sansone G.,Sansone G.
Sansone N.,Sansone N.
Santacroce F.,Santacroce F.
Santon D.,Santon D.
Saponara R.,Saponara R.
Sardo G.,Sardo G.
Sarr M.,Sarr M.
Sau M.,Sau M.
Savic S.,Savic S.
Saviola J.,Saviola J.
Scaloni L.,Scaloni L.
Schelotto E.,Schelotto E.
Schick P.,Schick P.
Scuffet S.,Scuffet S.
Seculin A.,Seculin A.
Sensi S.,Sensi S.
Sepe L.,Sepe L.
Shaqiri X.,Shaqiri X.
Signorelli F.,Signorelli F.
Siligardi L.,Siligardi L.
Silva G.,Silva G.
Silva S.,Silva S.
Silvestre M.,Silvestre M.
Simeone G.,Simeone G.
Simy ,Simy 
Sirigu S.,Sirigu S.
Skorupski L.,Skorupski L.
Skriniar M.,Skriniar M.
Soddimo D.,Soddimo D.
Somma M.,Somma M.
Sorensen F.,Sorensen F.
Soriano R.,Soriano R.
Sorrentino S.,Sorrentino S.
Sosa J.,Sosa J.
Souprayen S.,Souprayen S.
Spinazzola L.,Spinazzola L.
Spolli N.,Spolli N.
Sportiello M.,Sportiello M.
Stendardo G.,Stendardo G.
Stoian A.,Stoian A.
Storari M.,Storari M.
Strakosha T.,Strakosha T.
Strinic I.,Strinic I.
Strootman K.,Strootman K.
Struna A.,Struna A.
Sturaro S.,Sturaro S.
Suagher E.,Suagher E.
Suarez M.,Suarez M.
Succi D.,Succi D.
Sunjic T.,Sunjic T.
Suso ,Suso 
Szczesny W.,Szczesny W.
Taarabt A.,Taarabt A.
Tabacchi A.,Tabacchi A.
Tabanelli A.,Tabanelli A.
Tachtsidis P.,Tachtsidis P.
Taider S.,Taider S.
Tambe A.,Tambe A.
Tatarusanu C.,Tatarusanu C.
Tavano F.,Tavano F.
Telles A.,Telles A.
Tello A.,Tello A.
Tello C.,Tello C.
Terranova E.,Terranova E.
Terzi C.,Terzi C.
Tevez C.,Tevez C.
Thereau C.,Thereau C.
Thiam M.,Thiam M.
Toledo H.,Toledo H.
Toloi R.,Toloi R.
Tomovic N.,Tomovic N.
Tonelli L.,Tonelli L.
Tonev A.,Tonev A.
Toni L.,Toni L.
Torosidis V.,Torosidis V.
Torreira L.,Torreira L.
Torres F.,Torres F.
Totti F.,Totti F.
Tounkara M.,Tounkara M.
Trajkovski A.,Trajkovski A.
Trotta M.,Trotta M.
Ucan S.,Ucan S.
Ujkani S.,Ujkani S.
Under C.,Under C.
Vainqueur W.,Vainqueur W.
Valdifiori M.,Valdifiori M.
Valero B.,Valero B.
Valoti M.,Valoti M.
Valzania L.,Valzania L.
Van Ginkel M.,Van Ginkel M.
Vangioni L.,Vangioni L.
Varela S.,Varela S.
Vargas J.,Vargas J.
Vargic I.,Vargic I.
Vazquez F.,Vazquez F.
Vecino M.,Vecino M.
Veloso M.,Veloso M.
Verde D.,Verde D.
Verdi S.,Verdi S.
Verdu J.,Verdu J.
Veretout J.,Veretout J.
Vermaelen T.,Vermaelen T.
Verre V.,Verre V.
Veseli F.,Veseli F.
Vidal A.,Vidal A.
Vidic N.,Vidic N.
Viscovo A.,Viscovo A.
Vitiello R.,Vitiello R.
Vitturini D.,Vitturini D.
Vives G.,Vives G.
Viviani F.,Viviani F.
Viviano E.,Viviano E.
Volta M.,Volta M.
Vrsaljko S.,Vrsaljko S.
Wague M.,Wague M.
Wallace ,Wallace 
Widmer S.,Widmer S.
Wilczek K.,Wilczek K.
Wszolek P.,Wszolek P.
Yanga Mbiwa M.,Yanga Mbiwa M.
Zaccagni M.,Zaccagni M.
Zaccardo C.,Zaccardo C.
Zajc M.,Zajc M.
Zambelli M.,Zambelli M.
Zampano F.,Zampano F.
Zanellato N.,Zanellato N.
Zanimacchia L.,Zanimacchia L.
Zapata A.,Zapata A.
Zapata C.,Zapata C.
Zapata D.,Zapata D.
Zappacosta D.,Zappacosta D.
Zappino M.,Zappino M.
Zarate M.,Zarate M.
Zaza S.,Zaza S.
Ze Eduardo ,Ze Eduardo 
Ze' Eduardo ,Ze Eduardo 
Zielinski P.,Zielinski P.
Zima L.,Zima L.
Zuculini F.,Zuculini F.
Zukanovic E.,Zukanovic E.
Zuniga J.,Zuniga J.
Zuparic D.,Zuparic D.
