CALCIATORE,R CLASSIC,R MANTRA,QI,QA,Link,Season,Squadra,Nome,Nazionalità,Data di nascita,Altezza,Peso
GOLLINI,P,Por,14,14,//www.fantacalcio.it/squadre/Atalanta/GOLLINI/610,2019,Atalanta,Gollini Pierluigi,Italia,18/03/1995,188,80
SPORTIELLO,P,Por,1,1,//www.fantacalcio.it/squadre/Atalanta/SPORTIELLO/4,2019,Atalanta,Sportiello Marco,Italia,10/05/1992,192,87
ROSSI F,P,Por,1,1,//www.fantacalcio.it/squadre/Atalanta/ROSSI-F/2297,2019,Atalanta,Rossi Francesco,Italia,27/04/1991,193,
DJIMSITI,D,Dc,8,8,//www.fantacalcio.it/squadre/Atalanta/DJIMSITI/787,2019,Atalanta,Djimsiti Berat,"Albania, Svizzera",16/02/1993,190,83
MASIELLO A,D,,7,7,//www.fantacalcio.it/squadre/Atalanta/MASIELLO-A/15,2019,Atalanta,Masiello Andrea,Italia,05/02/1986,185,82
TOLOI,D,Dc,10,10,//www.fantacalcio.it/squadre/Atalanta/TOLOI/695,2019,Atalanta,Toloi Rafael,"Brasile, Italia",10/10/1990,185,75
SKRTEL,D,Dc,8,8,//www.fantacalcio.it/squadre/Atalanta/SKRTEL/4516,2019,Atalanta,Skrtel Martin,Slovacchia,15/12/1984,191,
CASTAGNE,D,E,14,14,//www.fantacalcio.it/squadre/Atalanta/CASTAGNE/2197,2019,Atalanta,Castagne Timothy,Belgio,05/12/1995,185,
IBANEZ,D,Dc,2,2,//www.fantacalcio.it/squadre/Atalanta/IBANEZ/4331,2019,Atalanta,Ibanez Roger,"Brasile, Uruguay",23/11/1998,185,
RECA,D,,4,4,//www.fantacalcio.it/squadre/Atalanta/RECA/2739,2019,Atalanta,Reca Arkadiusz,Polonia,17/06/1995,187,
HATEBOER,D,E,16,16,//www.fantacalcio.it/squadre/Atalanta/HATEBOER/2130,2019,Atalanta,Hateboer Hans,Olanda,09/01/1994,187,72
PALOMINO,D,Dc,9,9,//www.fantacalcio.it/squadre/Atalanta/PALOMINO/2181,2019,Atalanta,Palomino Josè Luis,Argentina,05/01/1990,187,
GOSENS,D,E,15,15,//www.fantacalcio.it/squadre/Atalanta/GOSENS/2160,2019,Atalanta,Gosens Robin,"Germania, Olanda",05/07/1994,184,
OKOLI,D,Dc,1,1,//www.fantacalcio.it/squadre/Atalanta/OKOLI/4432,2019,Atalanta,Okoli Caleb,Nigeria,13/07/2001,189,
VARNIER,D,Dc,3,3,//www.fantacalcio.it/squadre/Atalanta/VARNIER/2740,2019,Atalanta,Varnier Marco,Italia,08/06/1998,186,
FREULER,C,C,13,13,//www.fantacalcio.it/squadre/Atalanta/FREULER/788,2019,Atalanta,Freuler Remo,Svizzera,15/04/1992,181,77
PESSINA,C,C,3,3,//www.fantacalcio.it/squadre/Atalanta/PESSINA/2741,2019,Atalanta,Pessina Matteo,Italia,21/04/1997,183,
DE ROON,C,,11,11,//www.fantacalcio.it/squadre/Atalanta/DE-ROON/22,2019,Atalanta,De Roon Marten,Olanda,29/03/1991,185,
PASALIC,C,,9,9,//www.fantacalcio.it/squadre/Atalanta/PASALIC/2077,2019,Atalanta,Pasalic Mario,Croazia,09/02/1995,189,82
COLLEY E,C,,1,1,//www.fantacalcio.it/squadre/Atalanta/COLLEY-E/4435,2019,Atalanta,Colley Ebrima,Gambia,01/02/2000,175,
MALINOVSKYI,C,,11,11,//www.fantacalcio.it/squadre/Atalanta/MALINOVSKYI/4427,2019,Atalanta,Malinovskyi Ruslan,Ucraina,04/05/1993,181,
GOMEZ A,C,,26,26,//www.fantacalcio.it/squadre/Atalanta/GOMEZ-A/26,2019,Atalanta,Gomez Alejandro,Argentina,15/02/1988,165,68
VALZANIA,C,C,5,5,//www.fantacalcio.it/squadre/Atalanta/VALZANIA/2742,2019,Atalanta,Valzania Luca,Italia,05/03/1996,184,
ILICIC,A,A,25,25,//www.fantacalcio.it/squadre/Atalanta/ILICIC/177,2019,Atalanta,Ilicic Josip,Slovenia,29/01/1988,190,79
CAMBIAGHI,A,A,1,1,//www.fantacalcio.it/squadre/Atalanta/CAMBIAGHI/4436,2019,Atalanta,Cambiaghi Nicolò,Italia,28/12/2000,173,
ZAPATA D,A,Pc,36,36,//www.fantacalcio.it/squadre/Atalanta/ZAPATA-D/608,2019,Atalanta,Zapata Duvan,Colombia,01/04/1991,189,
BARROW,A,Pc,9,9,//www.fantacalcio.it/squadre/Atalanta/BARROW/2719,2019,Atalanta,Barrow Musa,Gambia,14/11/1998,180,
PICCOLI,A,Pc,1,1,//www.fantacalcio.it/squadre/Atalanta/PICCOLI/4359,2019,Atalanta,Piccoli Roberto,Italia,27/01/2001,183,
MURIEL,A,Pc,17,17,//www.fantacalcio.it/squadre/Atalanta/MURIEL/507,2019,Atalanta,Muriel Luis,Colombia,16/04/1991,179,79
DA COSTA,P,Por,1,1,//www.fantacalcio.it/squadre/Bologna/DA-COSTA/40,2019,Bologna,Da Costa Angelo,Brasile,12/11/1983,186,81
SKORUPSKI,P,Por,9,9,//www.fantacalcio.it/squadre/Bologna/SKORUPSKI/133,2019,Bologna,Skorupski Lukasz,Polonia,05/05/1991,187,
SARR M,P,Por,1,1,//www.fantacalcio.it/squadre/Bologna/SARR-M/42,2019,Bologna,Sarr Mouhamadou,"Senegal, Italia",05/01/1997,190,78
CALABRESI,D,,4,4,//www.fantacalcio.it/squadre/Bologna/CALABRESI/2745,2019,Bologna,Calabresi Arturo,Italia,17/03/1996,186,
DIJKS,D,,8,8,//www.fantacalcio.it/squadre/Bologna/DIJKS/2746,2019,Bologna,Dijks Mitchell,Olanda,09/02/1993,194,
BANI,D,Dc,5,5,//www.fantacalcio.it/squadre/Bologna/BANI/2285,2019,Bologna,Bani Mattia,Italia,10/12/1993,188,
DENSWIL,D,,7,7,//www.fantacalcio.it/squadre/Bologna/DENSWIL/4414,2019,Bologna,Denswil Stefano,"Olanda, Suriname",07/05/1993,188,
TOMIYASU,D,,4,4,//www.fantacalcio.it/squadre/Bologna/TOMIYASU/4422,2019,Bologna,Tomiyasu Takehiro,Giappone,05/11/1998,188,
DANILO LAR,D,Dc,8,8,//www.fantacalcio.it/squadre/Bologna/DANILO-LAR/578,2019,Bologna,Danilo Larangeira,"Brasile, Italia",10/05/1984,185,75
PAZ,D,,1,1,//www.fantacalcio.it/squadre/Bologna/PAZ/2747,2019,Bologna,Paz Nehuen,Argentina,28/04/1993,191,
CORBO,D,Dc,1,1,//www.fantacalcio.it/squadre/Bologna/CORBO/4365,2019,Bologna,Corbo Gabriele,Italia,11/01/2000,186,
MBAYE,D,,5,5,//www.fantacalcio.it/squadre/Bologna/MBAYE/50,2019,Bologna,Mbaye Ibrahima,Senegal,19/11/1994,188,70
DZEMAILI,C,,8,8,//www.fantacalcio.it/squadre/Bologna/DZEMAILI/713,2019,Bologna,Dzemaili Blerim,"Svizzera, Macedonia",12/04/1986,179,
POLI,C,,9,9,//www.fantacalcio.it/squadre/Bologna/POLI/374,2019,Bologna,Poli Andrea,Italia,29/09/1989,182,77
KREJCI,C,E,3,3,//www.fantacalcio.it/squadre/Bologna/KREJCI/1858,2019,Bologna,Krejci Ladislav,Cechia,05/07/1992,180,68
SVANBERG,C,C,3,3,//www.fantacalcio.it/squadre/Bologna/SVANBERG/2744,2019,Bologna,Svanberg Mattias,Svezia,05/01/1999,185,
KINGSLEY,C,,2,2,//www.fantacalcio.it/squadre/Bologna/KINGSLEY/2835,2019,Bologna,Kingsley Michael,Nigeria,26/08/1999,176,
SORIANO,C,T,14,14,//www.fantacalcio.it/squadre/Bologna/SORIANO/2625,2019,Bologna,Soriano Roberto,"Italia, Germania",08/02/1991,182,
FALLETTI,C,T,1,1,//www.fantacalcio.it/squadre/Bologna/FALLETTI/2210,2019,Bologna,Falletti Cesar,"Uruguay, Italia",02/12/1992,170,
SCHOUTEN,C,,4,4,//www.fantacalcio.it/squadre/Bologna/SCHOUTEN/4393,2019,Bologna,Schouten Jardy,Olanda,12/01/1997,185,
CANGIANO,A,A,1,1,//www.fantacalcio.it/squadre/Bologna/CANGIANO/4483,2019,Bologna,Cangiano Gianmarco,Italia,16/11/2001,170,
DESTRO,A,Pc,19,19,//www.fantacalcio.it/squadre/Bologna/DESTRO/472,2019,Bologna,Destro Mattia,Italia,20/03/1991,181,72
PALACIO,A,A,13,13,//www.fantacalcio.it/squadre/Bologna/PALACIO/280,2019,Bologna,Palacio Rodrigo,"Argentina, Spagna",05/02/1982,175,
ORSOLINI,A,,17,17,//www.fantacalcio.it/squadre/Bologna/ORSOLINI/2167,2019,Bologna,Orsolini Riccardo,Italia,24/01/1997,183,
SKOV OLSEN,A,A,8,8,//www.fantacalcio.it/squadre/Bologna/SKOV-OLSEN/4415,2019,Bologna,Skov Olsen Andreas,Danimarca,29/12/1999,187,
JUWARA,A,A,1,1,//www.fantacalcio.it/squadre/Bologna/JUWARA/4368,2019,Bologna,Juwara Musa,Gambia,26/12/2001,170,
SANTANDER,A,Pc,12,12,//www.fantacalcio.it/squadre/Bologna/SANTANDER/2743,2019,Bologna,Santander Federico,Paraguay,04/06/1991,187,
FALCINELLI,A,Pc,6,6,//www.fantacalcio.it/squadre/Bologna/FALCINELLI/532,2019,Bologna,Falcinelli Diego,Italia,26/06/1991,186,80
SANSONE N,A,A,12,12,//www.fantacalcio.it/squadre/Bologna/SANSONE-N/537,2019,Bologna,Sansone Nicola,Italia,10/09/1991,172,63
ALFONSO,P,Por,1,1,//www.fantacalcio.it/squadre/Brescia/ALFONSO/4440,2019,Brescia,Alfonso Enrico,Italia,04/05/1988,191,
JORONEN,P,Por,6,6,//www.fantacalcio.it/squadre/Brescia/JORONEN/4425,2019,Brescia,Joronen Jesse,Finlandia,21/03/1993,197,
ANDRENACCI,P,Por,1,1,//www.fantacalcio.it/squadre/Brescia/ANDRENACCI/4441,2019,Brescia,Andrenacci Lorenzo,Italia,02/01/1995,185,
CISTANA,D,,7,7,//www.fantacalcio.it/squadre/Brescia/CISTANA/4442,2019,Brescia,Cistana Andrea,Italia,01/04/1997,187,
MARTELLA,D,,6,6,//www.fantacalcio.it/squadre/Brescia/MARTELLA/1896,2019,Brescia,Martella Bruno,Italia,14/08/1992,184,78
CHANCELLOR,D,Dc,5,5,//www.fantacalcio.it/squadre/Brescia/CHANCELLOR/4429,2019,Brescia,Chancellor Jhon,Venezuela,02/01/1992,197,
MANGRAVITI,D,Dc,1,1,//www.fantacalcio.it/squadre/Brescia/MANGRAVITI/4504,2019,Brescia,Mangraviti Massimiliano,Italia,24/01/1998,188,
SEMPRINI,D,,2,2,//www.fantacalcio.it/squadre/Brescia/SEMPRINI/4444,2019,Brescia,Semprini Alessandro,Italia,24/02/1998,182,
MAGNANI,D,Dc,6,6,//www.fantacalcio.it/squadre/Brescia/MAGNANI/2769,2019,Brescia,Magnani Giangiacomo,Italia,04/10/1995,190,
GASTALDELLO,D,Dc,3,3,//www.fantacalcio.it/squadre/Brescia/GASTALDELLO/47,2019,Brescia,Gastaldello Daniele,Italia,25/06/1983,185,77
SABELLI,D,,6,6,//www.fantacalcio.it/squadre/Brescia/SABELLI/791,2019,Brescia,Sabelli Stefano,Italia,13/01/1993,180,74
CURCIO,D,,2,2,//www.fantacalcio.it/squadre/Brescia/CURCIO/4443,2019,Brescia,Curcio Felipe,"Brasile, Italia",06/08/1993,183,
MATEJU,D,,5,5,//www.fantacalcio.it/squadre/Brescia/MATEJU/4373,2019,Brescia,Mateju Ales,Repubblica Ceca,03/06/1996,185,
BISOLI,C,,9,9,//www.fantacalcio.it/squadre/Brescia/BISOLI/4445,2019,Brescia,Bisoli Dimitri,Italia,25/03/1994,180,
SPALEK,C,T,8,8,//www.fantacalcio.it/squadre/Brescia/SPALEK/4448,2019,Brescia,Spalek Nikolas,Slovacchia,12/02/1997,170,
ZMRHAL,C,,7,7,//www.fantacalcio.it/squadre/Brescia/ZMRHAL/4513,2019,Brescia,Zmrhal Jaromir,Repubblica Ceca,02/08/1993,189,
NDOJ,C,C,7,7,//www.fantacalcio.it/squadre/Brescia/NDOJ/4447,2019,Brescia,Ndoj Emanuele,"Albania, Italia",20/11/1996,189,
VIVIANI M,C,,1,1,//www.fantacalcio.it/squadre/Brescia/VIVIANI-M/4451,2019,Brescia,Viviani Matteo,Italia,04/09/2000,183,
MOROSINI,C,,8,8,//www.fantacalcio.it/squadre/Brescia/MOROSINI/2106,2019,Brescia,Morosini Leonardo,Italia,13/10/1995,175,70
TREMOLADA,C,T,1,1,//www.fantacalcio.it/squadre/Brescia/TREMOLADA/4450,2019,Brescia,Tremolada Luca,Italia,25/11/1991,176,
DESSENA,C,,4,4,//www.fantacalcio.it/squadre/Brescia/DESSENA/1872,2019,Brescia,Dessena Daniele,Italia,10/05/1987,183,75
TONALI,C,,6,6,//www.fantacalcio.it/squadre/Brescia/TONALI/4449,2019,Brescia,Tonali Sandro,Italia,08/05/2000,181,
AYE',A,Pc,7,7,//www.fantacalcio.it/squadre/Brescia/AYE/4413,2019,Brescia,Ayè Florian,Francia,19/01/1997,184,
TORREGROSSA,A,Pc,13,13,//www.fantacalcio.it/squadre/Brescia/TORREGROSSA/4453,2019,Brescia,Torregrossa Ernesto,Italia,28/06/1992,184,
DONNARUMMA AL,A,Pc,16,16,//www.fantacalcio.it/squadre/Brescia/DONNARUMMA-AL/4452,2019,Brescia,Donnarumma Alfredo,Italia,30/11/1990,180,
BALOTELLI,A,Pc,19,19,//www.fantacalcio.it/squadre/Brescia/BALOTELLI/696,2019,Brescia,Balotelli Mario,"Italia, Ghana",12/08/1990,189,
ARESTI,P,Por,1,1,//www.fantacalcio.it/squadre/Cagliari/ARESTI/1946,2019,Cagliari,Aresti Simone,Italia,15/03/1986,187,72
RAFAEL,P,Por,1,1,//www.fantacalcio.it/squadre/Cagliari/RAFAEL/611,2019,Cagliari,Rafael,"Brasile, Italia",03/03/1982,187,80
CRAGNO,P,Por,11,11,//www.fantacalcio.it/squadre/Cagliari/CRAGNO/2178,2019,Cagliari,Cragno Alessio,Italia,28/06/1994,184,
CEPPITELLI,D,Dc,7,7,//www.fantacalcio.it/squadre/Cagliari/CEPPITELLI/1866,2019,Cagliari,Ceppitelli Luca,Italia,11/08/1989,189,83
PINNA,D,,1,1,//www.fantacalcio.it/squadre/Cagliari/PINNA/4454,2019,Cagliari,Pinna Simone,Italia,17/10/1997,172,
CACCIATORE,D,,7,7,//www.fantacalcio.it/squadre/Cagliari/CACCIATORE/99,2019,Cagliari,Cacciatore Fabrizio,Italia,08/10/1986,182,81
MATTIELLO,D,,5,5,//www.fantacalcio.it/squadre/Cagliari/MATTIELLO/106,2019,Cagliari,Mattiello Federico,Italia,14/07/1995,182,75
WALUKIEWICZ,D,Dc,3,3,//www.fantacalcio.it/squadre/Cagliari/WALUKIEWICZ/4374,2019,Cagliari,Walukiewicz Sebastian,Polonia,05/04/2000,188,
LYKOGIANNIS,D,,4,4,//www.fantacalcio.it/squadre/Cagliari/LYKOGIANNIS/2653,2019,Cagliari,Lykogiannis Charalampos,Grecia,22/10/1993,186,
ROMAGNA,D,Dc,5,5,//www.fantacalcio.it/squadre/Cagliari/ROMAGNA/2279,2019,Cagliari,Romagna Filippo,Italia,26/05/1997,185,
PELLEGRINI LU,D,,6,6,//www.fantacalcio.it/squadre/Cagliari/PELLEGRINI-LU/2728,2019,Cagliari,Pellegrini Luca,Italia,07/03/1999,178,
KLAVAN,D,Dc,6,6,//www.fantacalcio.it/squadre/Cagliari/KLAVAN/2871,2019,Cagliari,Klavan Ragnar,Estonia,30/10/1985,187,
PISACANE,D,,4,4,//www.fantacalcio.it/squadre/Cagliari/PISACANE/1869,2019,Cagliari,Pisacane Fabio,Italia,28/01/1986,178,77
OLIVA,C,M,3,3,//www.fantacalcio.it/squadre/Cagliari/OLIVA/4327,2019,Cagliari,Oliva Christian,Uruguay,01/06/1996,178,
NAINGGOLAN,C,,16,16,//www.fantacalcio.it/squadre/Cagliari/NAINGGOLAN/467,2019,Cagliari,Nainggolan Radja,"Belgio, Indonesia",04/05/1988,175,
BIRSA,C,T,7,7,//www.fantacalcio.it/squadre/Cagliari/BIRSA/111,2019,Cagliari,Birsa Valter,Slovenia,07/08/1986,184,81
COLOMBATTO,C,,1,1,//www.fantacalcio.it/squadre/Cagliari/COLOMBATTO/2828,2019,Cagliari,Colombatto Santiago,"Argentina, Italia",17/01/1997,179,
IONITA,C,,8,8,//www.fantacalcio.it/squadre/Cagliari/IONITA/627,2019,Cagliari,Ionita Artur,"Moldavia, Romania",17/08/1990,184,73
CIGARINI,C,,6,6,//www.fantacalcio.it/squadre/Cagliari/CIGARINI/20,2019,Cagliari,Cigarini Luca,Italia,20/06/1986,175,72
NANDEZ,C,,10,10,//www.fantacalcio.it/squadre/Cagliari/NANDEZ/4514,2019,Cagliari,Nandez Nahitan,"Uruguay, Italia",28/12/1995,172,
CASTRO,C,,13,13,//www.fantacalcio.it/squadre/Cagliari/CASTRO/112,2019,Cagliari,Castro Lucas,Argentina,09/04/1989,182,78
FARAGO',C,,4,4,//www.fantacalcio.it/squadre/Cagliari/FARAGO/2116,2019,Cagliari,Faragò Paolo,Italia,12/02/1993,187,80
ROG,C,C,10,10,//www.fantacalcio.it/squadre/Cagliari/ROG/2076,2019,Cagliari,Rog Marko,Croazia,19/07/1995,180,73
BRADARIC,C,,4,4,//www.fantacalcio.it/squadre/Cagliari/BRADARIC/2854,2019,Cagliari,Bradaric Filip,Croazia,11/01/1992,186,
DEIOLA,C,C,2,2,//www.fantacalcio.it/squadre/Cagliari/DEIOLA/1871,2019,Cagliari,Deiola Alessandro,Italia,01/08/1995,189,85
HAN,A,Pc,4,4,//www.fantacalcio.it/squadre/Cagliari/HAN/2146,2019,Cagliari,Han Kwang-Son,Corea del Nord,11/09/1998,178,
DESPODOV,A,A,3,3,//www.fantacalcio.it/squadre/Cagliari/DESPODOV/4333,2019,Cagliari,Despodov Kiril,Bulgaria,11/11/1996,179,
RAGATZU,A,A,2,2,//www.fantacalcio.it/squadre/Cagliari/RAGATZU/4455,2019,Cagliari,Ragatzu Daniele,Italia,21/09/1991,172,
CERRI,A,Pc,5,5,//www.fantacalcio.it/squadre/Cagliari/CERRI/306,2019,Cagliari,Cerri Alberto,Italia,16/04/1996,194,91
PAVOLETTI,A,Pc,26,26,//www.fantacalcio.it/squadre/Cagliari/PAVOLETTI/247,2019,Cagliari,Pavoletti Leonardo,Italia,26/11/1988,188,78
JOAO PEDRO,A,A,16,16,//www.fantacalcio.it/squadre/Cagliari/JOAO-PEDRO/1874,2019,Cagliari,Joao Pedro,Brasile,09/03/1992,184,73
TERRACCIANO,P,Por,1,1,//www.fantacalcio.it/squadre/Fiorentina/TERRACCIANO/2815,2019,Fiorentina,Terracciano Pietro,Italia,08/03/1990,193,
DRAGOWSKI,P,Por,11,11,//www.fantacalcio.it/squadre/Fiorentina/DRAGOWSKI/1917,2019,Fiorentina,Dragowski Bartlomiej,Polonia,19/08/1997,188,74
CEROFOLINI,P,Por,1,1,//www.fantacalcio.it/squadre/Fiorentina/CEROFOLINI/2294,2019,Fiorentina,Cerofolini Michele,Italia,04/01/1999,188,
BRANCOLINI,P,Por,1,1,//www.fantacalcio.it/squadre/Fiorentina/BRANCOLINI/4351,2019,Fiorentina,Brancolini Federico,Italia,14/07/2001,187,
PEZZELLA GER,D,Dc,10,10,//www.fantacalcio.it/squadre/Fiorentina/PEZZELLA-GER/2309,2019,Fiorentina,Pezzella German,Argentina,27/06/1991,187,
VENUTI,D,,4,4,//www.fantacalcio.it/squadre/Fiorentina/VENUTI/2174,2019,Fiorentina,Venuti Lorenzo,Italia,12/04/1995,176,
MILENKOVIC,D,,9,9,//www.fantacalcio.it/squadre/Fiorentina/MILENKOVIC/2164,2019,Fiorentina,Milenkovic Nikola,Serbia,12/10/1997,195,
TERZIC,D,,1,1,//www.fantacalcio.it/squadre/Fiorentina/TERZIC/4375,2019,Fiorentina,Terzic Aleksa,Serbia,17/08/1999,184,
LIROLA,D,,11,11,//www.fantacalcio.it/squadre/Fiorentina/LIROLA/2006,2019,Fiorentina,Lirola Pol,Spagna,13/08/1997,183,78
CECCHERINI,D,,5,5,//www.fantacalcio.it/squadre/Fiorentina/CECCHERINI/1891,2019,Fiorentina,Ceccherini Federico,Italia,11/05/1992,186,72
RASMUSSEN,D,Dc,2,2,//www.fantacalcio.it/squadre/Fiorentina/RASMUSSEN/2752,2019,Fiorentina,Rasmussen Jacob,Danimarca,28/05/1997,190,
BIRAGHI,D,,10,10,//www.fantacalcio.it/squadre/Fiorentina/BIRAGHI/252,2019,Fiorentina,Biraghi Cristiano,Italia,12/09/1992,184,
RANIERI L,D,,1,1,//www.fantacalcio.it/squadre/Fiorentina/RANIERI-L/4378,2019,Fiorentina,Ranieri Luca,Italia,23/04/1999,179,
ZURKOWSKI,C,C,6,6,//www.fantacalcio.it/squadre/Fiorentina/ZURKOWSKI/4376,2019,Fiorentina,Zurkowski Szymon,Polonia,25/09/1997,185,
RIBERY,C,,19,19,//www.fantacalcio.it/squadre/Fiorentina/RIBERY/2409,2019,Fiorentina,Ribery Frank,Francia,07/04/1983,170,
PULGAR,C,,12,12,//www.fantacalcio.it/squadre/Fiorentina/PULGAR/644,2019,Fiorentina,Pulgar Erick,Cile,15/01/1994,186,70
CRISTOFORO,C,,3,3,//www.fantacalcio.it/squadre/Fiorentina/CRISTOFORO/2075,2019,Fiorentina,Cristoforo Sebastian,"Uruguay, Italia",23/08/1993,175,68
MONTIEL,C,,1,1,//www.fantacalcio.it/squadre/Fiorentina/MONTIEL/4353,2019,Fiorentina,Montiel Tofol,Spagna,11/04/2000,178,
CHIESA,C,,26,26,//www.fantacalcio.it/squadre/Fiorentina/CHIESA/2002,2019,Fiorentina,Chiesa Federico,Italia,25/10/1997,175,
CASTROVILLI,C,,7,7,//www.fantacalcio.it/squadre/Fiorentina/CASTROVILLI/4377,2019,Fiorentina,Castrovilli Gaetano,Italia,17/02/1997,179,
EYSSERIC,C,,4,4,//www.fantacalcio.it/squadre/Fiorentina/EYSSERIC/2290,2019,Fiorentina,Eysseric Valentin,Francia,25/03/1992,181,
BADELJ,C,,6,6,//www.fantacalcio.it/squadre/Fiorentina/BADELJ/170,2019,Fiorentina,Badelj Milan,Croazia,25/02/1989,186,
BENASSI,C,C,15,15,//www.fantacalcio.it/squadre/Fiorentina/BENASSI/557,2019,Fiorentina,Benassi Marco,Italia,08/09/1994,183,80
DABO,C,,3,3,//www.fantacalcio.it/squadre/Fiorentina/DABO/2659,2019,Fiorentina,Dabo Bryan,"Francia, Mali",18/02/1992,187,
VLAHOVIC,A,Pc,4,4,//www.fantacalcio.it/squadre/Fiorentina/VLAHOVIC/2841,2019,Fiorentina,Vlahovic Dusan,Serbia,28/01/2000,190,
THEREAU,A,A,1,1,//www.fantacalcio.it/squadre/Fiorentina/THEREAU/606,2019,Fiorentina,Thereau Cyril,Francia,24/04/1983,189,78
BOATENG,A,A,15,15,//www.fantacalcio.it/squadre/Fiorentina/BOATENG/771,2019,Fiorentina,Boateng Kevin-Prince,"Ghana, Germania",06/03/1987,186,85
SOTTIL,A,A,3,3,//www.fantacalcio.it/squadre/Fiorentina/SOTTIL/2839,2019,Fiorentina,Sottil Riccardo,Italia,03/06/1999,175,
SIMEONE,A,Pc,14,14,//www.fantacalcio.it/squadre/Fiorentina/SIMEONE/2061,2019,Fiorentina,Simeone Giovanni,"Argentina, Spagna",05/07/1995,180,81
RADU I,P,Por,8,8,//www.fantacalcio.it/squadre/Genoa/RADU-I/1843,2019,Genoa,Radu Ionut,Romania,28/05/1997,188,
MARCHETTI,P,Por,1,1,//www.fantacalcio.it/squadre/Genoa/MARCHETTI/318,2019,Genoa,Marchetti Federico,Italia,07/02/1983,188,76
JANDREI,P,Por,1,1,//www.fantacalcio.it/squadre/Genoa/JANDREI/4325,2019,Genoa,Jandrei,Brasile,01/03/1993,186,
VODISEK,P,Por,1,1,//www.fantacalcio.it/squadre/Genoa/VODISEK/2761,2019,Genoa,Vodisek Rok,Slovenia,05/12/1998,188,
PAJAC,D,,5,5,//www.fantacalcio.it/squadre/Genoa/PAJAC/1876,2019,Genoa,Pajac Marko,Croazia,11/05/1993,181,66
CRISCITO,D,,13,13,//www.fantacalcio.it/squadre/Genoa/CRISCITO/2759,2019,Genoa,Criscito Domenico,Italia,30/12/1986,183,
ROMERO C,D,Dc,9,9,//www.fantacalcio.it/squadre/Genoa/ROMERO-C/4307,2019,Genoa,Romero Cristian,Argentina,27/10/1998,185,
BIRASCHI,D,,8,8,//www.fantacalcio.it/squadre/Genoa/BIRASCHI/2083,2019,Genoa,Biraschi Davide,Italia,02/07/1994,182,73
RIZZO N,D,Dc,1,1,//www.fantacalcio.it/squadre/Genoa/RIZZO-N/4392,2019,Genoa,Rizzo Nicholas,"Italia, Brasile",11/03/2000,188,
BARRECA,D,,6,6,//www.fantacalcio.it/squadre/Genoa/BARRECA/1979,2019,Genoa,Barreca Antonio,Italia,18/03/1995,183,70
GHIGLIONE,D,,3,3,//www.fantacalcio.it/squadre/Genoa/GHIGLIONE/244,2019,Genoa,Ghiglione Paolo,Italia,02/02/1997,187,78
EL YAMIQ,D,Dc,2,2,//www.fantacalcio.it/squadre/Genoa/EL-YAMIQ/2664,2019,Genoa,El Yamiq Jawad,Marocco,29/02/1992,190,
ZAPATA C,D,Dc,8,8,//www.fantacalcio.it/squadre/Genoa/ZAPATA-C/365,2019,Genoa,Zapata Cristian,Colombia,30/09/1986,187,82
JAGIELLO,C,C,5,5,//www.fantacalcio.it/squadre/Genoa/JAGIELLO/4384,2019,Genoa,Jagiello Filip,Polonia,08/08/1997,182,
ROVELLA,C,,1,1,//www.fantacalcio.it/squadre/Genoa/ROVELLA/4459,2019,Genoa,Rovella Nicolò,Italia,04/12/2001,179,
AGUDELO,C,C,4,4,//www.fantacalcio.it/squadre/Genoa/AGUDELO/4515,2019,Genoa,Agudelo Kevin,Colombia,14/11/1998,178,
HILJEMARK,C,C,5,5,//www.fantacalcio.it/squadre/Genoa/HILJEMARK/433,2019,Genoa,Hiljemark Oscar,Svezia,28/06/1992,184,73
ROMULO,C,,7,7,//www.fantacalcio.it/squadre/Genoa/ROMULO/621,2019,Genoa,Romulo,"Italia, Brasile",22/05/1987,178,72
ZENNARO,C,,1,1,//www.fantacalcio.it/squadre/Genoa/ZENNARO/4383,2019,Genoa,Zennaro Mattia,Italia,03/08/2000,184,
SCHONE,C,C,11,11,//www.fantacalcio.it/squadre/Genoa/SCHONE/4512,2019,Genoa,Schone Lasse,Danimarca,27/05/1986,177,
CASSATA,C,C,2,2,//www.fantacalcio.it/squadre/Genoa/CASSATA/2213,2019,Genoa,Cassata Francesco,Italia,16/07/1997,183,
RADOVANOVIC,C,M,6,6,//www.fantacalcio.it/squadre/Genoa/RADOVANOVIC/118,2019,Genoa,Radovanovic Ivan,Serbia,29/08/1988,186,80
STURARO,C,,6,6,//www.fantacalcio.it/squadre/Genoa/STURARO/305,2019,Genoa,Sturaro Stefano,Italia,09/03/1993,178,
SAPONARA,C,T,10,10,//www.fantacalcio.it/squadre/Genoa/SAPONARA/150,2019,Genoa,Saponara Riccardo,Italia,21/12/1991,184,73
LERAGER,C,,6,6,//www.fantacalcio.it/squadre/Genoa/LERAGER/4330,2019,Genoa,Lerager Lukas,Danimarca,12/07/1993,185,
SANDRO,C,,2,2,//www.fantacalcio.it/squadre/Genoa/SANDRO/2646,2019,Genoa,Sandro,"Brasile, Portogallo",15/03/1989,187,
PINAMONTI,A,Pc,20,20,//www.fantacalcio.it/squadre/Genoa/PINAMONTI/2038,2019,Genoa,Pinamonti Andrea,Italia,19/05/1999,185,
FAVILLI,A,Pc,5,5,//www.fantacalcio.it/squadre/Genoa/FAVILLI/819,2019,Genoa,Favilli Andrea,Italia,17/05/1997,191,85
PANDEV,A,,10,10,//www.fantacalcio.it/squadre/Genoa/PANDEV/245,2019,Genoa,Pandev Goran,Macedonia,27/07/1983,184,74
KOUAME',A,A,16,16,//www.fantacalcio.it/squadre/Genoa/KOUAME/2762,2019,Genoa,Kouamè Christian,Costa d'Avorio,06/12/1997,185,
SANABRIA,A,Pc,10,10,//www.fantacalcio.it/squadre/Genoa/SANABRIA/479,2019,Genoa,Sanabria Antonio,"Paraguay, Spagna",04/03/1996,181,
GUMUS,A,A,6,6,//www.fantacalcio.it/squadre/Genoa/GUMUS/4381,2019,Genoa,Gumus Sinan,Germania,15/09/1994,179,
BERNI,P,Por,1,1,//www.fantacalcio.it/squadre/Inter/BERNI/248,2019,Inter,Berni Tommaso,Italia,06/03/1983,185,80
PADELLI,P,Por,1,1,//www.fantacalcio.it/squadre/Inter/PADELLI/543,2019,Inter,Padelli Daniele,Italia,25/10/1985,192,90
HANDANOVIC,P,Por,18,18,//www.fantacalcio.it/squadre/Inter/HANDANOVIC/250,2019,Inter,Handanovic Samir,Slovenia,14/07/1984,193,89
BASTONI,D,Dc,4,4,//www.fantacalcio.it/squadre/Inter/BASTONI/2120,2019,Inter,Bastoni Alessandro,Italia,13/04/1999,190,81
DIMARCO,D,,3,3,//www.fantacalcio.it/squadre/Inter/DIMARCO/254,2019,Inter,Di Marco Federico,Italia,10/11/1997,175,76
ASAMOAH,D,,10,10,//www.fantacalcio.it/squadre/Inter/ASAMOAH/295,2019,Inter,Asamoah Kwadwo,Ghana,09/12/1988,178,78
DE VRIJ,D,Dc,13,13,//www.fantacalcio.it/squadre/Inter/DE-VRIJ/322,2019,Inter,De Vrij Stefan,Olanda,05/02/1992,188,78
SKRINIAR,D,Dc,15,15,//www.fantacalcio.it/squadre/Inter/SKRINIAR/798,2019,Inter,Skriniar Milan,Slovacchia,11/02/1995,187,
D'AMBROSIO,D,,9,9,//www.fantacalcio.it/squadre/Inter/DAMBROSIO/253,2019,Inter,D'Ambrosio Danilo,Italia,09/09/1988,180,75
RANOCCHIA,D,Dc,2,2,//www.fantacalcio.it/squadre/Inter/RANOCCHIA/261,2019,Inter,Ranocchia Andrea,Italia,16/02/1988,195,81
DALBERT,D,,3,3,//www.fantacalcio.it/squadre/Inter/DALBERT/2289,2019,Inter,Dalbert,Brasile,08/09/1993,181,
GODIN,D,Dc,14,14,//www.fantacalcio.it/squadre/Inter/GODIN/2572,2019,Inter,Godin Diego,"Uruguay, Spagna",16/02/1986,187,
AGOUME,C,C,1,1,//www.fantacalcio.it/squadre/Inter/AGOUME/4411,2019,Inter,Agoume Lucien,"Francia, Camerun",09/02/2002,185,
CANDREVA,C,,7,7,//www.fantacalcio.it/squadre/Inter/CANDREVA/332,2019,Inter,Candreva Antonio,Italia,28/02/1987,180,72
SENSI,C,C,13,13,//www.fantacalcio.it/squadre/Inter/SENSI/1978,2019,Inter,Sensi Stefano,Italia,05/08/1995,168,
BROZOVIC,C,C,11,11,//www.fantacalcio.it/squadre/Inter/BROZOVIC/265,2019,Inter,Brozovic Marcelo,Croazia,16/11/1992,181,
LAZARO,C,E,8,8,//www.fantacalcio.it/squadre/Inter/LAZARO/4385,2019,Inter,Lazaro Valentino,Austria,24/03/1996,180,
BORJA VALERO,C,C,3,3,//www.fantacalcio.it/squadre/Inter/BORJA-VALERO/172,2019,Inter,Borja Valero,Spagna,12/01/1985,176,75
JOAO MARIO,C,,4,4,//www.fantacalcio.it/squadre/Inter/JOAO-MARIO/2078,2019,Inter,Joao Mario,Portogallo,19/01/1993,179,
BARELLA,C,,15,15,//www.fantacalcio.it/squadre/Inter/BARELLA/1870,2019,Inter,Barella Nicolò,Italia,07/02/1997,172,68
GAGLIARDINI,C,,8,8,//www.fantacalcio.it/squadre/Inter/GAGLIARDINI/801,2019,Inter,Gagliardini Roberto,Italia,07/04/1994,188,77
VECINO,C,,8,8,//www.fantacalcio.it/squadre/Inter/VECINO/181,2019,Inter,Vecino Matias,"Uruguay, Italia",24/08/1991,189,81
MARTINEZ L,A,Pc,26,26,//www.fantacalcio.it/squadre/Inter/MARTINEZ-L/2764,2019,Inter,Martinez Lautaro,Argentina,22/08/1997,174,
ICARDI,A,Pc,31,31,//www.fantacalcio.it/squadre/Inter/ICARDI/277,2019,Inter,Icardi Mauro,"Argentina, Italia",19/02/1993,181,75
LUKAKU R,A,Pc,35,35,//www.fantacalcio.it/squadre/Inter/LUKAKU-R/2531,2019,Inter,Lukaku Romelu,"Belgio, RD del Congo",13/05/1993,190,
ESPOSITO SE,A,Pc,1,1,//www.fantacalcio.it/squadre/Inter/ESPOSITO-SE/4463,2019,Inter,Esposito Sebastiano,Italia,02/07/2002,186,
SALCEDO E,A,Pc,1,1,//www.fantacalcio.it/squadre/Inter/SALCEDO-E/2304,2019,Inter,Salcedo Eddy,"Italia, Colombia",01/10/2001,188,
POLITANO,A,,12,12,//www.fantacalcio.it/squadre/Inter/POLITANO/536,2019,Inter,Politano Matteo,Italia,03/08/1993,170,65
BUFFON,P,Por,4,4,//www.fantacalcio.it/squadre/Juventus/BUFFON/282,2019,Juventus,Buffon Gianluigi,Italia,28/01/1978,191,83
SZCZESNY,P,Por,17,17,//www.fantacalcio.it/squadre/Juventus/SZCZESNY/453,2019,Juventus,Szczesny Wojciech,Polonia,18/04/1990,196,75
PINSOGLIO,P,Por,1,1,//www.fantacalcio.it/squadre/Juventus/PINSOGLIO/1930,2019,Juventus,Pinsoglio Carlo,Italia,16/03/1990,190,72
PERIN,P,Por,1,1,//www.fantacalcio.it/squadre/Juventus/PERIN/218,2019,Juventus,Perin Mattia,Italia,10/11/1992,188,77
ALEX SANDRO,D,,14,14,//www.fantacalcio.it/squadre/Juventus/ALEX-SANDRO/662,2019,Juventus,Alex Sandro,Brasile,26/01/1991,181,66
DE SCIGLIO,D,,5,5,//www.fantacalcio.it/squadre/Juventus/DE-SCIGLIO/358,2019,Juventus,De Sciglio Mattia,Italia,20/10/1992,183,74
DE LIGT,D,Dc,14,14,//www.fantacalcio.it/squadre/Juventus/DE-LIGT/4428,2019,Juventus,De Ligt Matthijs,Olanda,12/08/1999,189,
CHIELLINI,D,Dc,14,14,//www.fantacalcio.it/squadre/Juventus/CHIELLINI/288,2019,Juventus,Chiellini Giorgio,Italia,14/08/1984,187,84
RUGANI,D,Dc,7,7,//www.fantacalcio.it/squadre/Juventus/RUGANI/294,2019,Juventus,Rugani Daniele,Italia,29/07/1994,188,78
DANILO,D,,11,11,//www.fantacalcio.it/squadre/Juventus/DANILO/4237,2019,Juventus,Danilo Luiz da Silva,Brasile,15/07/1991,184,
BONUCCI,D,Dc,11,11,//www.fantacalcio.it/squadre/Juventus/BONUCCI/286,2019,Juventus,Bonucci Leonardo,Italia,01/05/1987,190,82
DEMIRAL,D,Dc,8,8,//www.fantacalcio.it/squadre/Juventus/DEMIRAL/4332,2019,Juventus,Demiral Merih,Turchia,05/03/1998,192,
BERNARDESCHI,C,,19,19,//www.fantacalcio.it/squadre/Juventus/BERNARDESCHI/184,2019,Juventus,Bernardeschi Federico,Italia,16/02/1994,183,75
FAGIOLI,C,T,1,1,//www.fantacalcio.it/squadre/Juventus/FAGIOLI/4465,2019,Juventus,Fagioli Nicolò,Italia,12/02/2001,178,
PJANIC,C,C,16,16,//www.fantacalcio.it/squadre/Juventus/PJANIC/469,2019,Juventus,Pjanic Miralem,"Bosnia-Erzegovina, Lussemburgo",02/04/1990,180,68
BENTANCUR,C,C,8,8,//www.fantacalcio.it/squadre/Juventus/BENTANCUR/2166,2019,Juventus,Bentancur Rodrigo,Uruguay,25/06/1997,185,
DOUGLAS COSTA,C,W,14,14,//www.fantacalcio.it/squadre/Juventus/DOUGLAS-COSTA/2200,2019,Juventus,Douglas Costa,Brasile,14/09/1990,172,
NICOLUSSI CAVIGLIA,C,C,1,1,//www.fantacalcio.it/squadre/Juventus/NICOLUSSI-CAVIGLIA/4349,2019,Juventus,Nicolussi Caviglia Hans,Italia,18/06/2000,180,
RAMSEY,C,T,18,18,//www.fantacalcio.it/squadre/Juventus/RAMSEY/2472,2019,Juventus,Ramsey Aaron,Galles,26/12/1990,182,
CUADRADO,C,,9,9,//www.fantacalcio.it/squadre/Juventus/CUADRADO/697,2019,Juventus,Cuadrado Jaime,Colombia,26/05/1988,176,66
MATUIDI,C,,12,12,//www.fantacalcio.it/squadre/Juventus/MATUIDI/2306,2019,Juventus,Matuidi Blaise,"Francia, Angola",09/04/1987,180,
RABIOT,C,C,14,14,//www.fantacalcio.it/squadre/Juventus/RABIOT/2379,2019,Juventus,Rabiot Adrien,Francia,03/04/1995,188,
CAN ,C,,14,14,//www.fantacalcio.it/squadre/Juventus/CAN-/2504,2019,Juventus,Can Emre,Germania,12/01/1994,184,
KHEDIRA,C,C,10,10,//www.fantacalcio.it/squadre/Juventus/KHEDIRA/299,2019,Juventus,Khedira Sami,"Germania, Tunisia",04/04/1987,189,85
PORTANOVA,C,C,1,1,//www.fantacalcio.it/squadre/Juventus/PORTANOVA/4370,2019,Juventus,Portanova Manolo,Italia,02/06/2000,183,
PJACA,A,A,4,4,//www.fantacalcio.it/squadre/Juventus/PJACA/1998,2019,Juventus,Pjaca Marko,Croazia,06/05/1995,186,81
CRISTIANO RONALDO,A,Pc,46,46,//www.fantacalcio.it/squadre/Juventus/CRISTIANO-RONALDO/2610,2019,Juventus,Ronaldo Cristiano,Portogallo,05/02/1985,187,
MANDZUKIC,A,Pc,22,22,//www.fantacalcio.it/squadre/Juventus/MANDZUKIC/312,2019,Juventus,Mandzukic Mario,Croazia,21/05/1986,187,84
HIGUAIN,A,Pc,29,29,//www.fantacalcio.it/squadre/Juventus/HIGUAIN/408,2019,Juventus,Higuain Gonzalo,"Argentina, Francia",10/12/1987,184,82
DYBALA,A,A,26,26,//www.fantacalcio.it/squadre/Juventus/DYBALA/309,2019,Juventus,Dybala Paulo,"Argentina, Italia",15/11/1993,177,69
GUERRIERI,P,Por,1,1,//www.fantacalcio.it/squadre/Lazio/GUERRIERI/317,2019,Lazio,Guerrieri Guido,Italia,25/02/1996,187,78
STRAKOSHA,P,Por,13,13,//www.fantacalcio.it/squadre/Lazio/STRAKOSHA/1934,2019,Lazio,Strakosha Thomas,"Albania, Grecia",19/03/1995,192,
PROTO,P,Por,1,1,//www.fantacalcio.it/squadre/Lazio/PROTO/2770,2019,Lazio,Proto Silvio,"Belgio, Italia",23/05/1983,186,
CIPRIANO,D,Dc,1,1,//www.fantacalcio.it/squadre/Lazio/CIPRIANO/4509,2019,Lazio,Cipriano Gustavo,Brasile,26/02/2001,185,
BASTOS,D,Dc,6,6,//www.fantacalcio.it/squadre/Lazio/BASTOS/2062,2019,Lazio,Bastos,Angola,23/11/1991,184,80
LUKAKU J,D,E,3,3,//www.fantacalcio.it/squadre/Lazio/LUKAKU-J/1999,2019,Lazio,Lukaku Jordan,"Belgio, RD del Congo",25/07/1994,183,77
WALLACE,D,Dc,3,3,//www.fantacalcio.it/squadre/Lazio/WALLACE/2007,2019,Lazio,Wallace Santos,Brasile,14/10/1994,191,83
ACERBI,D,Dc,14,14,//www.fantacalcio.it/squadre/Lazio/ACERBI/513,2019,Lazio,Acerbi Francesco,Italia,10/02/1988,192,90
LUIZ FELIPE,D,Dc,7,7,//www.fantacalcio.it/squadre/Lazio/LUIZ-FELIPE/2335,2019,Lazio,Luiz Felipe,Brasile:Italia,22/03/1997,187,
VAVRO,D,Dc,9,9,//www.fantacalcio.it/squadre/Lazio/VAVRO/4397,2019,Lazio,Vavro Denis,Slovacchia,10/04/1996,196,
JORGE SILVA,D,Dc,2,2,//www.fantacalcio.it/squadre/Lazio/JORGE-SILVA/4467,2019,Lazio,Jorge Silva,Portogallo,04/02/1999,184,
RADU,D,,7,7,//www.fantacalcio.it/squadre/Lazio/RADU/329,2019,Lazio,Radu Stefan,Romania,22/10/1986,183,79
DURMISI,D,,2,2,//www.fantacalcio.it/squadre/Lazio/DURMISI/2772,2019,Lazio,Durmisi Riza,"Danimarca, Albania",08/01/1994,168,
PATRIC,D,,2,2,//www.fantacalcio.it/squadre/Lazio/PATRIC/327,2019,Lazio,Patric,Spagna,17/04/1993,184,74
JONY,C,,6,6,//www.fantacalcio.it/squadre/Lazio/JONY/4424,2019,Lazio,Jony,Spagna,09/07/1991,179,
LULIC,C,,12,12,//www.fantacalcio.it/squadre/Lazio/LULIC/338,2019,Lazio,Lulic Senad,"Bosnia-Erzegovina, Svizzera",18/01/1986,183,75
CATALDI,C,,5,5,//www.fantacalcio.it/squadre/Lazio/CATALDI/333,2019,Lazio,Cataldi Danilo,Italia,06/08/1994,180,75
LUIS ALBERTO,C,T,20,20,//www.fantacalcio.it/squadre/Lazio/LUIS-ALBERTO/2085,2019,Lazio,Luis Alberto,Spagna,28/09/1992,182,70
PAROLO,C,,14,14,//www.fantacalcio.it/squadre/Lazio/PAROLO/342,2019,Lazio,Parolo Marco,Italia,25/01/1985,186,82
BERISHA V,C,,5,5,//www.fantacalcio.it/squadre/Lazio/BERISHA-V/2771,2019,Lazio,Berisha Valon,"Kosovo, Norvegia",07/02/1993,176,
LUCAS LEIVA,C,,9,9,//www.fantacalcio.it/squadre/Lazio/LUCAS-LEIVA/2209,2019,Lazio,Lucas Leiva,"Brasile, Italia",09/01/1987,179,
MILINKOVIC-SAVIC,C,,23,23,//www.fantacalcio.it/squadre/Lazio/MILINKOVIC-SAVIC/645,2019,Lazio,Milinkovic-Savic Sergej,"Serbia, Spagna",27/02/1995,192,82
ANDERSON A,C,T,2,2,//www.fantacalcio.it/squadre/Lazio/ANDERSON-A/4389,2019,Lazio,Anderson Andrè,"Italia, Brasile",23/09/1999,180,
LAZZARI M,C,E,15,15,//www.fantacalcio.it/squadre/Lazio/LAZZARI-M/2263,2019,Lazio,Lazzari Manuel,Italia,29/11/1993,174,
MARUSIC,C,E,5,5,//www.fantacalcio.it/squadre/Lazio/MARUSIC/2188,2019,Lazio,Marusic Adam,"Montenegro, Serbia",17/10/1992,177,
ADEKANYE,A,A,8,8,//www.fantacalcio.it/squadre/Lazio/ADEKANYE/4388,2019,Lazio,Adekanye Bobby,"Olanda, Nigeria",14/02/1999,170,
IMMOBILE,A,Pc,34,34,//www.fantacalcio.it/squadre/Lazio/IMMOBILE/785,2019,Lazio,Immobile Ciro,Italia,20/02/1990,184,80
CORREA,A,A,20,20,//www.fantacalcio.it/squadre/Lazio/CORREA/495,2019,Lazio,Correa Joaquin,"Argentina, Italia",13/08/1994,188,
CAICEDO,A,Pc,14,14,//www.fantacalcio.it/squadre/Lazio/CAICEDO/2284,2019,Lazio,Caicedo Felipe,"Ecuador, Spagna",05/09/1988,188,
VIGORITO,P,Por,1,1,//www.fantacalcio.it/squadre/Lecce/VIGORITO/2809,2019,lecce,Vigorito Mauro,Italia,22/05/1990,187,
MILLI,P,Por,1,1,//www.fantacalcio.it/squadre/Lecce/MILLI/4469,2019,lecce,Milli Joakim,"Italia, Canada",27/04/2000,187,
GABRIEL,P,Por,6,6,//www.fantacalcio.it/squadre/Lecce/GABRIEL/385,2019,lecce,Gabriel,Brasile,27/09/1992,193,90
BLEVE,P,Por,1,1,//www.fantacalcio.it/squadre/Lecce/BLEVE/4468,2019,lecce,Bleve Marco,Italia,18/10/1995,184,
GALLO,D,,1,1,//www.fantacalcio.it/squadre/Lecce/GALLO/4502,2019,lecce,Gallo Antonino,Italia,05/01/2000,183,
ROSSETTINI,D,,5,5,//www.fantacalcio.it/squadre/Lecce/ROSSETTINI/54,2019,lecce,Rossettini Luca,Italia,09/05/1985,187,
FIAMOZZI,D,,2,2,//www.fantacalcio.it/squadre/Lecce/FIAMOZZI/805,2019,lecce,Fiamozzi Riccardo,Italia,18/05/1993,178,77
RICCARDI D,D,Dc,1,1,//www.fantacalcio.it/squadre/Lecce/RICCARDI-D/4473,2019,lecce,Riccardi Davide,Italia,09/04/1996,186,
CALDERONI,D,,6,6,//www.fantacalcio.it/squadre/Lecce/CALDERONI/4470,2019,lecce,Calderoni Marco,Italia,18/02/1989,183,
MECCARIELLO,D,Dc,4,4,//www.fantacalcio.it/squadre/Lecce/MECCARIELLO/4472,2019,lecce,Meccariello Biagio,Italia,27/03/1991,187,
RISPOLI,D,,5,5,//www.fantacalcio.it/squadre/Lecce/RISPOLI/423,2019,lecce,Rispoli Andrea,Italia,29/09/1988,187,
BENZAR,D,,6,6,//www.fantacalcio.it/squadre/Lecce/BENZAR/4398,2019,lecce,Benzar Romario,Romania,26/03/1992,180,
LUCIONI,D,Dc,5,5,//www.fantacalcio.it/squadre/Lecce/LUCIONI/2241,2019,lecce,Lucioni Fabio,Italia,25/09/1987,185,
VERA,D,,2,2,//www.fantacalcio.it/squadre/Lecce/VERA/4399,2019,lecce,Vera Brayan,Colombia,15/01/1999,180,
DELL'ORCO,D,,4,4,//www.fantacalcio.it/squadre/Lecce/DELLORCO/517,2019,lecce,Dell'Orco Cristian,Italia,10/02/1994,183,75
MANCOSU,C,T,8,8,//www.fantacalcio.it/squadre/Lecce/MANCOSU/65,2019,lecce,Mancosu Marco,Italia,22/08/1988,180,75
TACHTSIDIS,C,M,5,5,//www.fantacalcio.it/squadre/Lecce/TACHTSIDIS/241,2019,lecce,Tachtsidis Panagiotis,Grecia,15/02/1991,191,86
MAJER,C,,5,5,//www.fantacalcio.it/squadre/Lecce/MAJER/4475,2019,lecce,Majer Zan,Slovenia,25/07/1992,180,
TABANELLI,C,,3,3,//www.fantacalcio.it/squadre/Lecce/TABANELLI/4476,2019,lecce,Tabanelli Andrea,Italia,02/02/1990,192,
HAYE,C,,3,3,//www.fantacalcio.it/squadre/Lecce/HAYE/4474,2019,lecce,Haye Thom,"Olanda, Indonesia",09/02/1995,177,
SHAKHOV,C,,5,5,//www.fantacalcio.it/squadre/Lecce/SHAKHOV/4400,2019,lecce,Shakhov Yevhen,Ucraina,30/11/1990,190,
PETRICCIONE,C,C,6,6,//www.fantacalcio.it/squadre/Lecce/PETRICCIONE/179,2019,lecce,Petriccione Jacopo,Italia,22/02/1995,176,
FARIAS,A,A,11,11,//www.fantacalcio.it/squadre/Lecce/FARIAS/1879,2019,lecce,Farias Diego,Brasile,10/05/1990,172,64
LO FASO,A,,2,2,//www.fantacalcio.it/squadre/Lecce/LO-FASO/2048,2019,lecce,Lo Faso Simone,Italia,18/02/1998,181,
LAPADULA,A,Pc,14,14,//www.fantacalcio.it/squadre/Lecce/LAPADULA/1939,2019,lecce,Lapadula Gianluca,"Italia, Perù",07/02/1990,178,69
LA MANTIA,A,Pc,9,9,//www.fantacalcio.it/squadre/Lecce/LA-MANTIA/4477,2019,lecce,La Mantia Andrea,Italia,06/05/1991,190,
FALCO,A,A,5,5,//www.fantacalcio.it/squadre/Lecce/FALCO/658,2019,lecce,Falco Filippo,Italia,11/02/1992,171,
DONNARUMMA AN,P,Por,1,1,//www.fantacalcio.it/squadre/Milan/DONNARUMMA-AN/216,2019,Milan,Donnarumma Antonio,Italia,07/07/1990,192,96
REINA,P,Por,1,1,//www.fantacalcio.it/squadre/Milan/REINA/387,2019,Milan,Reina Pepe,Spagna,31/08/1982,188,92
DONNARUMMA G,P,Por,15,15,//www.fantacalcio.it/squadre/Milan/DONNARUMMA-G/350,2019,Milan,Donnarumma Gianluigi,Italia,25/02/1999,196,90
CALDARA,D,Dc,4,4,//www.fantacalcio.it/squadre/Milan/CALDARA/1847,2019,Milan,Caldara Mattia,Italia,05/05/1994,187,75
MUSACCHIO,D,Dc,7,7,//www.fantacalcio.it/squadre/Milan/MUSACCHIO/2168,2019,Milan,Musacchio Mateo,"Argentina, Italia",26/08/1990,182,
CALABRIA,D,,9,9,//www.fantacalcio.it/squadre/Milan/CALABRIA/357,2019,Milan,Calabria Davide,Italia,06/12/1996,177,70
HERNANDEZ T,D,,8,8,//www.fantacalcio.it/squadre/Milan/HERNANDEZ-T/4292,2019,Milan,Hernandez Theo,"Francia, Spagna",06/10/1997,184,
STRINIC,D,,2,2,//www.fantacalcio.it/squadre/Milan/STRINIC/395,2019,Milan,Strinic Ivan,Croazia,17/07/1987,186,78
GABBIA,D,Dc,1,1,//www.fantacalcio.it/squadre/Milan/GABBIA/4401,2019,Milan,Gabbia Matteo,Italia,21/10/1999,185,
ROMAGNOLI A,D,Dc,14,14,//www.fantacalcio.it/squadre/Milan/ROMAGNOLI-A/460,2019,Milan,Romagnoli Alessio,Italia,12/01/1995,188,78
DUARTE,D,Dc,9,9,//www.fantacalcio.it/squadre/Milan/DUARTE/4511,2019,Milan,Duarte Leo,Brasile,17/07/1996,183,
CONTI,D,,5,5,//www.fantacalcio.it/squadre/Milan/CONTI/11,2019,Milan,Conti Andrea,Italia,02/03/1994,184,76
RODRIGUEZ R,D,,8,8,//www.fantacalcio.it/squadre/Milan/RODRIGUEZ-R/2169,2019,Milan,Rodriguez Ricardo,"Svizzera, Cile",25/08/1992,180,
BENNACER,C,,10,10,//www.fantacalcio.it/squadre/Milan/BENNACER/2818,2019,Milan,Bennacer Ismael,"Algeria, Francia",01/12/1997,175,
CALHANOGLU,C,T,13,13,//www.fantacalcio.it/squadre/Milan/CALHANOGLU/2194,2019,Milan,Calhanoglu Hakan,"Turchia, Germania",08/02/1994,178,
LAXALT,C,E,5,5,//www.fantacalcio.it/squadre/Milan/LAXALT/235,2019,Milan,Laxalt Diego,"Uruguay, Italia",07/02/1993,178,66
BORINI,C,W,5,5,//www.fantacalcio.it/squadre/Milan/BORINI/2187,2019,Milan,Borini Fabio,Italia,29/03/1991,180,
KRUNIC,C,,13,13,//www.fantacalcio.it/squadre/Milan/KRUNIC/148,2019,Milan,Krunic Rade,Bosnia-Erzegovina,07/10/1993,184,74
BONAVENTURA,C,,16,16,//www.fantacalcio.it/squadre/Milan/BONAVENTURA/367,2019,Milan,Bonaventura Giacomo,Italia,22/08/1989,180,75
KESSIE',C,C,13,13,//www.fantacalcio.it/squadre/Milan/KESSIE/1850,2019,Milan,Kessiè Franck,Costa d'Avorio,19/12/1996,183,76
SUSO,C,,19,19,//www.fantacalcio.it/squadre/Milan/SUSO/375,2019,Milan,Suso,Spagna,19/11/1993,176,70
BIGLIA,C,,8,8,//www.fantacalcio.it/squadre/Milan/BIGLIA/331,2019,Milan,Biglia Lucas,"Argentina, Italia",30/01/1986,178,63
CASTILLEJO,C,,10,10,//www.fantacalcio.it/squadre/Milan/CASTILLEJO/2692,2019,Milan,Castillejo Samu,Spagna,18/01/1995,182,
PAQUETA',C,T,15,15,//www.fantacalcio.it/squadre/Milan/PAQUETA/4322,2019,Milan,Paquetà Lucas,Brasile,27/08/1997,180,
PIATEK,A,Pc,38,38,//www.fantacalcio.it/squadre/Milan/PIATEK/2756,2019,Milan,Piatek Krzysztof,Polonia,01/07/1995,183,
ANDRE' SILVA,A,Pc,15,15,//www.fantacalcio.it/squadre/Milan/ANDRE-SILVA/2175,2019,Milan,Andrè Silva,Portogallo,06/11/1995,185,
RAFAEL LEAO,A,Pc,22,22,//www.fantacalcio.it/squadre/Milan/RAFAEL-LEAO/4510,2019,Milan,Rafael Leao,"Portogallo, Angola",10/06/1999,188,
KARNEZIS,P,Por,1,1,//www.fantacalcio.it/squadre/Napoli/KARNEZIS/570,2019,Napoli,Karnezis Orestis,Grecia,11/07/1985,190,79
OSPINA,P,Por,3,3,//www.fantacalcio.it/squadre/Napoli/OSPINA/2468,2019,Napoli,Ospina David,Colombia,31/08/1988,183,
MERET,P,Por,15,15,//www.fantacalcio.it/squadre/Napoli/MERET/572,2019,Napoli,Meret Alex,Italia,22/03/1997,190,77
DI LORENZO,D,,11,11,//www.fantacalcio.it/squadre/Napoli/DI-LORENZO/2816,2019,Napoli,Di Lorenzo Giovanni,Italia,04/08/1993,183,
LUPERTO,D,,3,3,//www.fantacalcio.it/squadre/Napoli/LUPERTO/393,2019,Napoli,Luperto Sebastiano,Italia,06/09/1996,191,75
MARIO RUI,D,,5,5,//www.fantacalcio.it/squadre/Napoli/MARIO-RUI/142,2019,Napoli,Mario Rui,Portogallo,27/05/1991,168,63
CHIRICHES,D,Dc,4,4,//www.fantacalcio.it/squadre/Napoli/CHIRICHES/640,2019,Napoli,Chiriches Vlad,Romania,14/11/1989,184,75
KOULIBALY,D,Dc,16,16,//www.fantacalcio.it/squadre/Napoli/KOULIBALY/392,2019,Napoli,Koulibaly Kalidou,"Francia, Senegal",20/06/1991,195,89
MANOLAS,D,Dc,13,13,//www.fantacalcio.it/squadre/Napoli/MANOLAS/459,2019,Napoli,Manolas Konstantinos,Grecia,14/06/1991,189,83
HYSAJ,D,,7,7,//www.fantacalcio.it/squadre/Napoli/HYSAJ/140,2019,Napoli,Hysaj Elseid,Albania,20/02/1994,182,70
MALCUIT,D,,8,8,//www.fantacalcio.it/squadre/Napoli/MALCUIT/2860,2019,Napoli,Malcuit Kevin,"Francia, Marocco",31/07/1991,178,
GHOULAM,D,,12,12,//www.fantacalcio.it/squadre/Napoli/GHOULAM/390,2019,Napoli,Ghoulam Faouzi,"Algeria, Francia",01/02/1991,188,80
MAKSIMOVIC,D,,5,5,//www.fantacalcio.it/squadre/Napoli/MAKSIMOVIC/550,2019,Napoli,Maksimovic Nikola,Serbia,25/11/1991,193,82
TONELLI,D,Dc,5,5,//www.fantacalcio.it/squadre/Napoli/TONELLI/144,2019,Napoli,Tonelli Lorenzo,Italia,17/01/1990,183,78
VERDI,C,,17,17,//www.fantacalcio.it/squadre/Napoli/VERDI/376,2019,Napoli,Verdi Simone,Italia,12/07/1992,171,62
CICIRETTI,C,,1,1,//www.fantacalcio.it/squadre/Napoli/CICIRETTI/2243,2019,Napoli,Ciciretti Amato,Italia,31/12/1993,170,
RUIZ,C,,17,17,//www.fantacalcio.it/squadre/Napoli/RUIZ/2775,2019,Napoli,Ruiz Fabian,Spagna,03/04/1996,189,
CALLEJON,C,W,18,18,//www.fantacalcio.it/squadre/Napoli/CALLEJON/406,2019,Napoli,Callejon Josè Maria,Spagna,11/02/1987,178,73
ZIELINSKI,C,,17,17,//www.fantacalcio.it/squadre/Napoli/ZIELINSKI/152,2019,Napoli,Zielinski Piotr,Polonia,20/05/1994,180,75
ALLAN,C,,14,14,//www.fantacalcio.it/squadre/Napoli/ALLAN/397,2019,Napoli,Allan,"Brasile, Portogallo",08/01/1991,175,74
GAETANO,C,T,1,1,//www.fantacalcio.it/squadre/Napoli/GAETANO/4364,2019,Napoli,Gaetano Gianluca,Italia,05/05/2000,183,
YOUNES,C,,8,8,//www.fantacalcio.it/squadre/Napoli/YOUNES/2776,2019,Napoli,Younes Amin,"Germania, Libano",06/08/1993,168,
ELMAS,C,,7,7,//www.fantacalcio.it/squadre/Napoli/ELMAS/4479,2019,Napoli,Elmas Eljif,Macedonia del Nord,24/09/1999,182,
MERTENS,A,Pc,28,28,//www.fantacalcio.it/squadre/Napoli/MERTENS/410,2019,Napoli,Mertens Dries,Belgio,06/05/1987,169,61
INSIGNE,A,A,27,27,//www.fantacalcio.it/squadre/Napoli/INSIGNE/409,2019,Napoli,Insigne Lorenzo,Italia,04/06/1991,163,59
OUNAS,A,A,8,8,//www.fantacalcio.it/squadre/Napoli/OUNAS/2195,2019,Napoli,Ounas Adam,"Algeria, Francia",11/11/1996,172,
MILIK,A,Pc,28,28,//www.fantacalcio.it/squadre/Napoli/MILIK/2012,2019,Napoli,Milik Arkadiusz,Polonia,28/02/1994,186,78
COLOMBI,P,Por,1,1,//www.fantacalcio.it/squadre/Parma/COLOMBI/412,2019,Parma,Colombi Simone,Italia,01/07/1991,188,83
ALASTRA,P,Por,1,1,//www.fantacalcio.it/squadre/Parma/ALASTRA/654,2019,Parma,Alastra Fabrizio,Italia,01/10/1997,185,
SEPE,P,Por,8,8,//www.fantacalcio.it/squadre/Parma/SEPE/159,2019,Parma,Sepe Luigi,Italia,08/05/1991,185,75
GAGLIOLO,D,,7,7,//www.fantacalcio.it/squadre/Parma/GAGLIOLO/73,2019,Parma,Gagliolo Riccardo,"Italia, Svezia",28/04/1990,180,75
MINELLI,D,Dc,1,1,//www.fantacalcio.it/squadre/Parma/MINELLI/4480,2019,Parma,Minelli Alessandro,Italia,23/07/1999,193,
DERMAKU,D,Dc,4,4,//www.fantacalcio.it/squadre/Parma/DERMAKU/139,2019,Parma,Dermaku Kastriot,"Albania, Italia",15/01/1992,194,
LAURINI,D,,7,7,//www.fantacalcio.it/squadre/Parma/LAURINI/141,2019,Parma,Laurini Vincent,"Francia, Italia",10/06/1989,173,
BRUNO ALVES,D,Dc,9,9,//www.fantacalcio.it/squadre/Parma/BRUNO-ALVES/1864,2019,Parma,Bruno Alves,"Portogallo, Brasile",27/11/1981,189,81
IACOPONI,D,,4,4,//www.fantacalcio.it/squadre/Parma/IACOPONI/2801,2019,Parma,Iacoponi Simone,Italia,30/04/1987,180,
GAZZOLA,D,,2,2,//www.fantacalcio.it/squadre/Parma/GAZZOLA/519,2019,Parma,Gazzola Marcello,Italia,03/04/1985,191,78
KUCKA,C,,12,12,//www.fantacalcio.it/squadre/Parma/KUCKA/234,2019,Parma,Kucka Juraj,Slovacchia,26/02/1987,186,86
SCOZZARELLA,C,,4,4,//www.fantacalcio.it/squadre/Parma/SCOZZARELLA/2804,2019,Parma,Scozzarella Matteo,Italia,05/06/1988,170,
HERNANI,C,,6,6,//www.fantacalcio.it/squadre/Parma/HERNANI/4423,2019,Parma,Hernani,Brasile,27/03/1994,188,
RIGONI L,C,C,3,3,//www.fantacalcio.it/squadre/Parma/RIGONI-L/438,2019,Parma,Rigoni Luca,Italia,07/12/1984,185,72
BRUGMAN,C,,5,5,//www.fantacalcio.it/squadre/Parma/BRUGMAN/430,2019,Parma,Brugman Gaston,"Uruguay, Italia",07/09/1992,175,
GRASSI,C,C,8,8,//www.fantacalcio.it/squadre/Parma/GRASSI/27,2019,Parma,Grassi Alberto,Italia,07/03/1995,183,75
MACHIN,C,C,1,1,//www.fantacalcio.it/squadre/Parma/MACHIN/666,2019,Parma,Machin Josè Pepin,"Guinea Equatoriale, Spagna",14/08/1996,184,
BARILLA',C,C,8,8,//www.fantacalcio.it/squadre/Parma/BARILLA/2802,2019,Parma,Barillà Antonino,Italia,01/04/1988,180,
KULUSEVSKI,C,,4,4,//www.fantacalcio.it/squadre/Parma/KULUSEVSKI/2833,2019,Parma,Kulusevski Dejan,"Svezia, Macedonia",25/04/2000,184,
CORNELIUS,A,Pc,9,9,//www.fantacalcio.it/squadre/Parma/CORNELIUS/2163,2019,Parma,Cornelius Andreas,Danimarca,16/03/1993,193,
SILIGARDI,A,W,8,8,//www.fantacalcio.it/squadre/Parma/SILIGARDI/637,2019,Parma,Siligardi Luca,Italia,26/01/1988,180,73
CERAVOLO,A,Pc,3,3,//www.fantacalcio.it/squadre/Parma/CERAVOLO/2246,2019,Parma,Ceravolo Fabio,Italia,05/03/1987,180,
KARAMOH,A,A,12,12,//www.fantacalcio.it/squadre/Parma/KARAMOH/2325,2019,Parma,Karamoh Yann,"Francia, Costa d'Avorio",08/07/1998,185,
BARAYE,A,A,1,1,//www.fantacalcio.it/squadre/Parma/BARAYE/2805,2019,Parma,Baraye Yves,Senegal,22/06/1992,177,
INGLESE,A,Pc,23,23,//www.fantacalcio.it/squadre/Parma/INGLESE/123,2019,Parma,Inglese Roberto,Italia,12/11/1991,187,75
ADORANTE,A,Pc,1,1,//www.fantacalcio.it/squadre/Parma/ADORANTE/4387,2019,Parma,Adorante Andrea,Italia,05/02/2000,184,
GERVINHO,A,A,19,19,//www.fantacalcio.it/squadre/Parma/GERVINHO/474,2019,Parma,Gervinho,Costa d'avorio,27/05/1987,179,
SPROCATI,A,,6,6,//www.fantacalcio.it/squadre/Parma/SPROCATI/2773,2019,Parma,Sprocati Mattia,Italia,28/04/1993,178,
FUZATO,P,Por,1,1,//www.fantacalcio.it/squadre/Roma/FUZATO/2781,2019,Roma,Fuzato Daniel,Brasile,04/07/1997,190,
PAU LOPEZ,P,Por,14,14,//www.fantacalcio.it/squadre/Roma/PAU-LOPEZ/4419,2019,Roma,Pau Lopez,Spagna,13/12/1994,189,
OLSEN,P,Por,1,1,//www.fantacalcio.it/squadre/Roma/OLSEN/2836,2019,Roma,Olsen Robin,"Svezia, Danimarca",08/01/1990,198,
MIRANTE,P,Por,1,1,//www.fantacalcio.it/squadre/Roma/MIRANTE/41,2019,Roma,Mirante Antonio,Italia,08/07/1983,193,79
BIANDA,D,Dc,1,1,//www.fantacalcio.it/squadre/Roma/BIANDA/2783,2019,Roma,Bianda William,Francia,30/04/2000,185,
JUAN JESUS,D,,5,5,//www.fantacalcio.it/squadre/Roma/JUAN-JESUS/256,2019,Roma,Juan Jesus,Brasile,10/06/1991,185,83
SPINAZZOLA,D,,7,7,//www.fantacalcio.it/squadre/Roma/SPINAZZOLA/1852,2019,Roma,Spinazzola Leonardo,Italia,25/03/1993,186,75
FLORENZI,D,,10,10,//www.fantacalcio.it/squadre/Roma/FLORENZI/464,2019,Roma,Florenzi Alessandro,Italia,11/03/1991,172,67
SANTON,D,,3,3,//www.fantacalcio.it/squadre/Roma/SANTON/262,2019,Roma,Santon Davide,Italia,02/01/1991,186,83
ZAPPACOSTA,D,,9,9,//www.fantacalcio.it/squadre/Roma/ZAPPACOSTA/554,2019,Roma,Zappacosta Davide,Italia,11/06/1992,182,
FAZIO,D,Dc,9,9,//www.fantacalcio.it/squadre/Roma/FAZIO/2016,2019,Roma,Fazio Federico,"Argentina, Italia",17/03/1987,195,90
MANCINI G,D,Dc,14,14,//www.fantacalcio.it/squadre/Roma/MANCINI-G/2296,2019,Roma,Mancini Gianluca,Italia,17/04/1996,190,
CETIN,D,Dc,5,5,//www.fantacalcio.it/squadre/Roma/CETIN/4519,2019,Roma,Cetin Mert,Turchia,01/01/1997,189,
BOUAH,D,,1,1,//www.fantacalcio.it/squadre/Roma/BOUAH/4481,2019,Roma,Bouah Devid Eugene,"Italia, Costa d'Avorio",13/01/2001,178,
KOLAROV,D,,15,15,//www.fantacalcio.it/squadre/Roma/KOLAROV/2214,2019,Roma,Kolarov Aleksandar,Serbia,10/11/1985,186,
GONALONS,C,,4,4,//www.fantacalcio.it/squadre/Roma/GONALONS/2193,2019,Roma,Gonalons Maxime,Francia,10/03/1989,187,
PEROTTI,C,W,14,14,//www.fantacalcio.it/squadre/Roma/PEROTTI/237,2019,Roma,Perotti Diego,"Argentina, Spagna",26/07/1988,179,70
ZANIOLO,C,T,16,16,//www.fantacalcio.it/squadre/Roma/ZANIOLO/2766,2019,Roma,Zaniolo Nicolò,Italia,02/07/1999,189,
DIAWARA,C,,8,8,//www.fantacalcio.it/squadre/Roma/DIAWARA/58,2019,Roma,Diawara Amadou,"Guinea, Italia",17/07/1997,183,75
PELLEGRINI LO,C,,13,13,//www.fantacalcio.it/squadre/Roma/PELLEGRINI-LO/530,2019,Roma,Pellegrini Lorenzo,Italia,19/06/1996,186,82
VERETOUT,C,C,14,14,//www.fantacalcio.it/squadre/Roma/VERETOUT/2215,2019,Roma,Veretout Jordan,Francia,01/03/1993,177,
CRISTANTE,C,C,10,10,//www.fantacalcio.it/squadre/Roma/CRISTANTE/779,2019,Roma,Cristante Bryan,"Italia, Canada",03/03/1995,186,78
PASTORE,C,T,11,11,//www.fantacalcio.it/squadre/Roma/PASTORE/2378,2019,Roma,Pastore Javier,"Argentina, Italia",20/06/1989,187,
UNDER,C,,18,18,//www.fantacalcio.it/squadre/Roma/UNDER/2201,2019,Roma,Under Cengiz,Turchia,14/07/1997,173,
CORIC,C,T,4,4,//www.fantacalcio.it/squadre/Roma/CORIC/2780,2019,Roma,Coric Ante,Croazia,14/04/1997,172,
KLUIVERT,C,W,16,16,//www.fantacalcio.it/squadre/Roma/KLUIVERT/2779,2019,Roma,Kluivert Justin,"Olanda, Suriname",05/05/1999,171,
RICCARDI,C,,1,1,//www.fantacalcio.it/squadre/Roma/RICCARDI/2852,2019,Roma,Riccardi Alessio,Italia,03/04/2001,178,
SCHICK,A,Pc,12,12,//www.fantacalcio.it/squadre/Roma/SCHICK/1974,2019,Roma,Schick Patrick,Cechia,24/01/1996,187,73
DZEKO,A,Pc,30,30,//www.fantacalcio.it/squadre/Roma/DZEKO/647,2019,Roma,Dzeko Edin,Bosnia-Erzegovina,17/03/1986,193,80
DEFREL,A,A,14,14,//www.fantacalcio.it/squadre/Roma/DEFREL/643,2019,Roma,Defrel Gregoire,Francia,17/06/1991,179,77
ANTONUCCI,A,A,2,2,//www.fantacalcio.it/squadre/Roma/ANTONUCCI/2657,2019,Roma,Antonucci Mirko,Italia,11/03/1999,181,
AUDERO,P,Por,11,11,//www.fantacalcio.it/squadre/Sampdoria/AUDERO/761,2019,Sampdoria,Audero Emil,"Italia, Indonesia",18/01/1997,190,78
AVOGADRI,P,Por,1,1,//www.fantacalcio.it/squadre/Sampdoria/AVOGADRI/4523,2019,Sampdoria,Avogadri Lorenzo,Italia,21/08/2001,190,
FALCONE,P,Por,1,1,//www.fantacalcio.it/squadre/Sampdoria/FALCONE/2134,2019,Sampdoria,Falcone Wladimiro,Italia,12/04/1995,195,85
CHABOT,D,Dc,4,4,//www.fantacalcio.it/squadre/Sampdoria/CHABOT/4403,2019,Sampdoria,Chabot Julian,"Germania, Francia",12/02/1998,195,
MURILLO,D,Dc,9,9,//www.fantacalcio.it/squadre/Sampdoria/MURILLO/259,2019,Sampdoria,Murillo Jeison,Colombia,27/05/1992,182,78
BERESZYNSKI,D,,6,6,//www.fantacalcio.it/squadre/Sampdoria/BERESZYNSKI/2104,2019,Sampdoria,Bersezynski Bartosz,Polonia,12/07/1992,182,72
FERRARI A,D,,4,4,//www.fantacalcio.it/squadre/Sampdoria/FERRARI-A/45,2019,Sampdoria,Ferrari Alex,Italia,01/07/1994,183,70
SALA,D,,4,4,//www.fantacalcio.it/squadre/Sampdoria/SALA/630,2019,Sampdoria,Sala Jacopo,Italia,05/12/1991,184,75
AUGELLO,D,,4,4,//www.fantacalcio.it/squadre/Sampdoria/AUGELLO/4421,2019,Sampdoria,Augello Tommaso,Italia,30/08/1994,180,
DEPAOLI,D,,6,6,//www.fantacalcio.it/squadre/Sampdoria/DEPAOLI/2141,2019,Sampdoria,Depaoli Fabio,Italia,24/04/1997,184,
REGINI,D,,2,2,//www.fantacalcio.it/squadre/Sampdoria/REGINI/490,2019,Sampdoria,Regini Vasco,Italia,09/09/1990,185,76
COLLEY,D,Dc,7,7,//www.fantacalcio.it/squadre/Sampdoria/COLLEY/2784,2019,Sampdoria,Colley Omar,Gambia,24/10/1992,192,
MURRU,D,,8,8,//www.fantacalcio.it/squadre/Sampdoria/MURRU/1868,2019,Sampdoria,Murru Nicola,Italia,16/12/1994,180,64
BARRETO,C,,5,5,//www.fantacalcio.it/squadre/Sampdoria/BARRETO/494,2019,Sampdoria,Barreto Edgar,"Paraguay, Italia",15/07/1984,182,78
LINETTY,C,C,11,11,//www.fantacalcio.it/squadre/Sampdoria/LINETTY/2008,2019,Sampdoria,Linetty Karol,Polonia,02/02/1995,176,73
VIEIRA,C,,4,4,//www.fantacalcio.it/squadre/Sampdoria/VIEIRA/2855,2019,Sampdoria,Vieira Ronaldo,"Inghilterra, Guinea-Bissau",19/07/1998,180,
JANKTO,C,C,9,9,//www.fantacalcio.it/squadre/Sampdoria/JANKTO/1987,2019,Sampdoria,Jankto Jacub,Repubblica Ceca,19/01/1996,184,
THORSBY,C,C,5,5,//www.fantacalcio.it/squadre/Sampdoria/THORSBY/4404,2019,Sampdoria,Thorsby Morten,Norvegia,05/05/1996,189,
EKDAL,C,,7,7,//www.fantacalcio.it/squadre/Sampdoria/EKDAL/2391,2019,Sampdoria,Ekdal Albin,Svezia,28/07/1989,186,
RAMIREZ,C,T,10,10,//www.fantacalcio.it/squadre/Sampdoria/RAMIREZ/2287,2019,Sampdoria,Ramirez Gaston,Uruguay,02/12/1990,183,
LERIS,C,,5,5,//www.fantacalcio.it/squadre/Sampdoria/LERIS/2334,2019,Sampdoria,Leris Mehdi,"Francia, Algeria",23/05/1998,186,
CAPEZZI,C,,3,3,//www.fantacalcio.it/squadre/Sampdoria/CAPEZZI/173,2019,Sampdoria,Capezzi Leonardo,Italia,28/03/1995,178,70
MARONI,C,T,7,7,//www.fantacalcio.it/squadre/Sampdoria/MARONI/4405,2019,Sampdoria,Maroni Gonzalo,Argentina,18/03/1999,177,
GABBIADINI,A,A,13,13,//www.fantacalcio.it/squadre/Sampdoria/GABBIADINI/407,2019,Sampdoria,Gabbiadini Manolo,Italia,26/11/1991,186,81
CAPRARI,A,A,14,14,//www.fantacalcio.it/squadre/Sampdoria/CAPRARI/1958,2019,Sampdoria,Caprari Gianluca,Italia,30/07/1993,176,70
BONAZZOLI,A,Pc,4,4,//www.fantacalcio.it/squadre/Sampdoria/BONAZZOLI/505,2019,Sampdoria,Bonazzoli Federico,Italia,21/05/1997,182,79
BAHLOULI,A,A,1,1,//www.fantacalcio.it/squadre/Sampdoria/BAHLOULI/4508,2019,Sampdoria,Bahlouli Mohamed,"Francia, Algeria",17/02/2000,173,
QUAGLIARELLA,A,Pc,34,34,//www.fantacalcio.it/squadre/Sampdoria/QUAGLIARELLA/568,2019,Sampdoria,Quagliarella Fabio,Italia,31/01/1983,180,79
CONSIGLI,P,Por,10,10,//www.fantacalcio.it/squadre/Sassuolo/CONSIGLI/509,2019,Sassuolo,Consigli Andrea,Italia,27/01/1987,189,79
RUSSO A,P,Por,1,1,//www.fantacalcio.it/squadre/Sassuolo/RUSSO-A/4518,2019,Sassuolo,Russo Alessandro,Italia,31/03/2001,193,
PEGOLO,P,Por,1,1,//www.fantacalcio.it/squadre/Sassuolo/PEGOLO/510,2019,Sassuolo,Pegolo Gianluca,Italia,25/03/1981,183,76
GRAVILLON,D,,6,6,//www.fantacalcio.it/squadre/Sassuolo/GRAVILLON/2184,2019,Sassuolo,Gravillon Andrew,"Guadalupa, Francia",08/02/1998,188,
TOLJAN,D,,7,7,//www.fantacalcio.it/squadre/Sassuolo/TOLJAN/4426,2019,Sassuolo,Toljan Jeremy,"Germania, Stati Uniti",08/08/1994,182,
GOLDANIGA,D,Dc,4,4,//www.fantacalcio.it/squadre/Sassuolo/GOLDANIGA/418,2019,Sassuolo,Goldaniga Edoardo,Italia,02/11/1993,193,
ROGERIO,D,,7,7,//www.fantacalcio.it/squadre/Sassuolo/ROGERIO/2318,2019,Sassuolo,Rogerio,Brasile,13/01/1998,178,
MULDUR,D,,3,3,//www.fantacalcio.it/squadre/Sassuolo/MULDUR/4521,2019,Sassuolo,Muldur Mert,"Turchia, Austria",03/04/1999,188,
FERRARI G,D,Dc,9,9,//www.fantacalcio.it/squadre/Sassuolo/FERRARI-G/1895,2019,Sassuolo,Ferrari Gianmarco,Italia,15/05/1992,189,82
PELUSO,D,,3,3,//www.fantacalcio.it/squadre/Sassuolo/PELUSO/521,2019,Sassuolo,Peluso Federico,Italia,20/01/1984,188,77
MARLON,D,Dc,6,6,//www.fantacalcio.it/squadre/Sassuolo/MARLON/2355,2019,Sassuolo,Marlon,Brasile,07/09/1995,182,
TRIPALDELLI,D,,2,2,//www.fantacalcio.it/squadre/Sassuolo/TRIPALDELLI/4406,2019,Sassuolo,Tripaldelli Alessandro,Italia,09/02/1999,182,
DUNCAN,C,,10,10,//www.fantacalcio.it/squadre/Sassuolo/DUNCAN/526,2019,Sassuolo,Duncan Alfred,Ghana,10/03/1993,178,78
OBIANG,C,,10,10,//www.fantacalcio.it/squadre/Sassuolo/OBIANG/4501,2019,Sassuolo,Obiang Pedro,"Guinea Equatoriale, Spagna",27/03/1992,186,
DJURICIC,C,T,5,5,//www.fantacalcio.it/squadre/Sassuolo/DJURICIC/1995,2019,Sassuolo,Djuricic Filip,Serbia,30/01/1992,181,72
MAZZITELLI,C,C,2,2,//www.fantacalcio.it/squadre/Sassuolo/MAZZITELLI/1976,2019,Sassuolo,Mazzitelli Luca,Italia,15/11/1995,184,76
BOURABIA,C,C,6,6,//www.fantacalcio.it/squadre/Sassuolo/BOURABIA/2825,2019,Sassuolo,Bourabia Mehdi,"Marocco, Francia",07/08/1991,183,
MAGNANELLI,C,M,5,5,//www.fantacalcio.it/squadre/Sassuolo/MAGNANELLI/528,2019,Sassuolo,Magnanelli Francesco,Italia,12/11/1984,180,70
LOCATELLI M,C,,11,11,//www.fantacalcio.it/squadre/Sassuolo/LOCATELLI-M/827,2019,Sassuolo,Locatelli Manuel,Italia,08/01/1998,185,75
TRAORE' HJ,C,,11,11,//www.fantacalcio.it/squadre/Sassuolo/TRAORE-HJ/2857,2019,Sassuolo,Traorè Hamed Junior,Costa d'Avorio,18/02/2000,184,
BOGA,A,,12,12,//www.fantacalcio.it/squadre/Sassuolo/BOGA/2832,2019,Sassuolo,Boga Jeremie,"Costa d'Avorio, Francia",03/01/1997,174,
RASPADORI,A,Pc,1,1,//www.fantacalcio.it/squadre/Sassuolo/RASPADORI/4371,2019,Sassuolo,Raspadori Giacomo,Italia,18/02/2000,172,
BERARDI,A,A,18,18,//www.fantacalcio.it/squadre/Sassuolo/BERARDI/531,2019,Sassuolo,Berardi Domenico,Italia,01/08/1994,185,72
MATRI,A,Pc,4,4,//www.fantacalcio.it/squadre/Sassuolo/MATRI/380,2019,Sassuolo,Matri Alessandro,Italia,19/08/1984,184,80
CAPUTO,A,Pc,26,26,//www.fantacalcio.it/squadre/Sassuolo/CAPUTO/2819,2019,Sassuolo,Caputo Francesco,Italia,06/08/1987,181,
BABACAR,A,Pc,14,14,//www.fantacalcio.it/squadre/Sassuolo/BABACAR/183,2019,Sassuolo,Babacar Khouma,Senegal,17/03/1993,191,85
BRIGNOLA,A,A,3,3,//www.fantacalcio.it/squadre/Sassuolo/BRIGNOLA/2317,2019,Sassuolo,Brignola Enrico,Italia,08/07/1999,180,
BERISHA E,P,Por,8,8,//www.fantacalcio.it/squadre/SPAL/BERISHA-E/316,2019,Spal,Berisha Etrit,"Albania, Kosovo",10/03/1989,194,82
LETICA,P,Por,1,1,//www.fantacalcio.it/squadre/SPAL/LETICA/4520,2019,Spal,Letica Karlo,Croazia,11/02/1997,201,
THIAM D,P,Por,1,1,//www.fantacalcio.it/squadre/SPAL/THIAM-D/4485,2019,Spal,Thiam Demba,Senegal,09/03/1998,202,
FELIPE,D,Dc,6,6,//www.fantacalcio.it/squadre/SPAL/FELIPE/708,2019,Spal,Felipe,"Brasile, Italia",31/07/1984,188,75
VICARI,D,Dc,7,7,//www.fantacalcio.it/squadre/SPAL/VICARI/2261,2019,Spal,Vicari Francesco,Italia,03/08/1994,190,
DICKMANN,D,,3,3,//www.fantacalcio.it/squadre/SPAL/DICKMANN/2787,2019,Spal,Dickmann Lorenzo,Italia,24/09/1996,177,
VAISANEN,D,Dc,1,1,//www.fantacalcio.it/squadre/SPAL/VAISANEN/2212,2019,Spal,Vaisanen Sauli,Finlandia,05/06/1994,188,
CIONEK,D,Dc,7,7,//www.fantacalcio.it/squadre/SPAL/CIONEK/780,2019,Spal,Cionek Thiago,"Polonia, Brasile",21/04/1986,183,
SALAMON,D,Dc,3,3,//www.fantacalcio.it/squadre/SPAL/SALAMON/491,2019,Spal,Salamon Bartosz,Polonia,01/05/1991,196,84
IGOR,D,,7,7,//www.fantacalcio.it/squadre/SPAL/IGOR/4407,2019,Spal,Igor,Brasile,07/02/1998,185,
JANKOVIC,C,,3,3,//www.fantacalcio.it/squadre/SPAL/JANKOVIC/4338,2019,Spal,Jankovic Marko,"Montenegro, Serbia",09/07/1995,172,
STREFEZZA,C,,1,1,//www.fantacalcio.it/squadre/SPAL/STREFEZZA/4486,2019,Spal,Strefezza Gabriel,"Brasile, Italia",18/04/1997,168,
FARES,C,E,7,7,//www.fantacalcio.it/squadre/SPAL/FARES/633,2019,Spal,Fares Mohamed,"Algeria, Francia",15/02/1996,183,75
MURGIA,C,,7,7,//www.fantacalcio.it/squadre/SPAL/MURGIA/2003,2019,Spal,Murgia Alessandro,Italia,09/08/1996,185,
VIVIANI,C,,4,4,//www.fantacalcio.it/squadre/SPAL/VIVIANI/631,2019,Spal,Viviani Federico,Italia,24/03/1992,180,75
DI FRANCESCO F,C,W,11,11,//www.fantacalcio.it/squadre/SPAL/DI-FRANCESCO-F/1857,2019,Spal,Di Francesco Federico,Italia,14/06/1994,178,75
MISSIROLI,C,,6,6,//www.fantacalcio.it/squadre/SPAL/MISSIROLI/529,2019,Spal,Missiroli Simone,Italia,23/05/1986,191,74
VALOTI,C,,6,6,//www.fantacalcio.it/squadre/SPAL/VALOTI/2274,2019,Spal,Valoti Mattia,Italia,06/09/1993,181,
D'ALESSANDRO,C,E,7,7,//www.fantacalcio.it/squadre/SPAL/DALESSANDRO/21,2019,Spal,D'Alessandro Marco,Italia,17/02/1991,173,71
KURTIC,C,,16,16,//www.fantacalcio.it/squadre/SPAL/KURTIC/28,2019,Spal,Kurtic Jasmin,Slovenia,10/01/1989,186,88
VALDIFIORI,C,C,3,3,//www.fantacalcio.it/squadre/SPAL/VALDIFIORI/405,2019,Spal,Valdifiori Mirko,Italia,21/04/1986,185,70
FLOCCARI,A,Pc,7,7,//www.fantacalcio.it/squadre/SPAL/FLOCCARI/533,2019,Spal,Floccari Sergio,Italia,12/11/1981,180,79
PETAGNA,A,Pc,25,25,//www.fantacalcio.it/squadre/SPAL/PETAGNA/383,2019,Spal,Petagna Andrea,Italia,30/06/1995,190,85
PALOSCHI,A,Pc,9,9,//www.fantacalcio.it/squadre/SPAL/PALOSCHI/126,2019,Spal,Paloschi Alberto,Italia,04/01/1990,182,82
MONCINI,A,Pc,5,5,//www.fantacalcio.it/squadre/SPAL/MONCINI/2853,2019,Spal,Moncini Gabriele,Italia,26/04/1996,183,
ROSATI,P,Por,1,1,//www.fantacalcio.it/squadre/Torino/ROSATI/2790,2019,Torino,Rosati Antonio,Italia,26/06/1983,195,
ZACCAGNO,P,Por,1,1,//www.fantacalcio.it/squadre/Torino/ZACCAGNO/2270,2019,Torino,Zaccagno Andrea,Italia,27/05/1997,183,
SIRIGU,P,Por,14,14,//www.fantacalcio.it/squadre/Torino/SIRIGU/2179,2019,Torino,Sirigu Salvatore,Italia,12/01/1987,192,
BONIFAZI,D,Dc,8,8,//www.fantacalcio.it/squadre/Torino/BONIFAZI/2192,2019,Torino,Bonifazi Kevin,Italia,19/05/1996,187,
DJIDJI,D,,7,7,//www.fantacalcio.it/squadre/Torino/DJIDJI/2869,2019,Torino,Djidji Koffi,"Costa d'Avorio, Francia",30/11/1992,184,
N'KOULOU,D,Dc,15,15,//www.fantacalcio.it/squadre/Torino/NKOULOU/2288,2019,Torino,N'Koulou Nicolas,Camerun,27/03/1990,184,
AINA,D,E,8,8,//www.fantacalcio.it/squadre/Torino/AINA/2865,2019,Torino,Aina Ola,"Nigeria, Inghilterra",08/10/1996,182,
DE SILVESTRI,D,,10,10,//www.fantacalcio.it/squadre/Torino/DE-SILVESTRI/487,2019,Torino,De Silvestri Lorenzo,Italia,23/05/1988,186,84
LYANCO,D,Dc,8,8,//www.fantacalcio.it/squadre/Torino/LYANCO/2171,2019,Torino,Lyanco,"Brasile, Serbia",01/02/1997,187,
BUONGIORNO,D,Dc,1,1,//www.fantacalcio.it/squadre/Torino/BUONGIORNO/2724,2019,Torino,Buongiorno Alessandro,Italia,06/06/1999,190,
IZZO,D,,16,16,//www.fantacalcio.it/squadre/Torino/IZZO/226,2019,Torino,Izzo Armando,Italia,02/03/1992,183,78
BREMER,D,Dc,4,4,//www.fantacalcio.it/squadre/Torino/BREMER/2788,2019,Torino,Bremer,Brasile,18/03/1997,188,
GILLI,D,,1,1,//www.fantacalcio.it/squadre/Torino/GILLI/4488,2019,Torino,Gilli Filippo,Italia,19/10/2000,176,
DE ANGELIS,C,,1,1,//www.fantacalcio.it/squadre/Torino/DE-ANGELIS/4490,2019,Torino,De Angelis Nicolò,Italia,31/03/2000,170,
PARIGINI,C,W,2,2,//www.fantacalcio.it/squadre/Torino/PARIGINI/1982,2019,Torino,Parigini Vittorio,Italia,25/03/1996,180,70
BERENGUER,C,W,8,8,//www.fantacalcio.it/squadre/Torino/BERENGUER/2205,2019,Torino,Berenguer Alex,Italia,04/07/1995,175,
MEITE',C,,9,9,//www.fantacalcio.it/squadre/Torino/MEITE/2789,2019,Torino,Meitè Soualiho,"Francia, Costa d'Avorio",17/03/1994,187,
BASELLI,C,,10,10,//www.fantacalcio.it/squadre/Torino/BASELLI/556,2019,Torino,Baselli Daniele,Italia,12/03/1992,182,70
LUKIC,C,C,5,5,//www.fantacalcio.it/squadre/Torino/LUKIC/2009,2019,Torino,Lukic Sasa,Serbia,13/08/1996,183,73
ANSALDI,C,E,13,13,//www.fantacalcio.it/squadre/Torino/ANSALDI/706,2019,Torino,Ansaldi Cristian,"Argentina, Italia",20/09/1986,181,76
GUSTAFSON,C,,3,3,//www.fantacalcio.it/squadre/Torino/GUSTAFSON/2057,2019,Torino,Gustafson Samuel,Svezia,11/01/1995,187,80
RINCON,C,M,8,8,//www.fantacalcio.it/squadre/Torino/RINCON/238,2019,Torino,Rincon Tomas,Venezuela,13/01/1988,175,75
IAGO FALQUE,A,A,21,21,//www.fantacalcio.it/squadre/Torino/IAGO-FALQUE/475,2019,Torino,Iago Falque,Spagna,04/01/1990,174,68
EDERA,A,A,4,4,//www.fantacalcio.it/squadre/Torino/EDERA/1839,2019,Torino,Edera Simone,Italia,09/01/1997,174,
ZAZA,A,Pc,12,12,//www.fantacalcio.it/squadre/Torino/ZAZA/315,2019,Torino,Zaza Simone,Italia,25/06/1991,186,
BELOTTI,A,Pc,30,30,//www.fantacalcio.it/squadre/Torino/BELOTTI/441,2019,Torino,Belotti Andrea,Italia,20/12/1993,185,81
RAUTI,A,Pc,1,1,//www.fantacalcio.it/squadre/Torino/RAUTI/4489,2019,Torino,Rauti Nicola,Italia,17/04/2000,180,
MILLICO,A,A,1,1,//www.fantacalcio.it/squadre/Torino/MILLICO/4346,2019,Torino,Millico Vincenzo,Italia,12/08/2000,174,
MUSSO,P,Por,9,9,//www.fantacalcio.it/squadre/Udinese/MUSSO/2792,2019,Udinese,Musso Juan,"Argentina, Italia",06/05/1994,191,
PERISAN,P,Por,1,1,//www.fantacalcio.it/squadre/Udinese/PERISAN/673,2019,Udinese,Perisan Samuele,Italia,21/08/1997,192,
NICOLAS,P,Por,1,1,//www.fantacalcio.it/squadre/Udinese/NICOLAS/2271,2019,Udinese,Nicolas,"Brasile, Italia",12/04/1988,190,
NUYTINCK,D,Dc,4,4,//www.fantacalcio.it/squadre/Udinese/NUYTINCK/2280,2019,Udinese,Nuytinck Bram,Olanda,04/05/1990,190,
SAMIR,D,,7,7,//www.fantacalcio.it/squadre/Udinese/SAMIR/790,2019,Udinese,Samir,Brasile,05/12/1994,188,70
TROOST-EKONG,D,Dc,5,5,//www.fantacalcio.it/squadre/Udinese/TROOST-EKONG/2870,2019,Udinese,Troost-Ekong William,"Nigeria, Olanda",01/09/1993,191,
DE MAIO,D,Dc,6,6,//www.fantacalcio.it/squadre/Udinese/DE-MAIO/224,2019,Udinese,De Maio Sebastien,Francia,05/03/1987,190,90
RODRIGO BECAO,D,Dc,7,7,//www.fantacalcio.it/squadre/Udinese/RODRIGO-BECAO/4412,2019,Udinese,Rodrigo Becao,Brasile,19/01/1996,191,
TER AVEST,D,,4,4,//www.fantacalcio.it/squadre/Udinese/TER-AVEST/2795,2019,Udinese,ter Avest Hidde,Olanda,20/05/1997,182,
PEZZELLA GIU,D,,5,5,//www.fantacalcio.it/squadre/Udinese/PEZZELLA-GIU/770,2019,Udinese,Pezzella Giuseppe,Italia,29/11/1997,185,
STRYGER LARSEN,D,,7,7,//www.fantacalcio.it/squadre/Udinese/STRYGER-LARSEN/2315,2019,Udinese,Stryger Larsen Jens,Danimarca,21/02/1991,180,
OPOKU,D,Dc,2,2,//www.fantacalcio.it/squadre/Udinese/OPOKU/2793,2019,Udinese,Opoku Nicholas,Ghana,08/11/1997,190,
SIERRALTA,D,,2,2,//www.fantacalcio.it/squadre/Udinese/SIERRALTA/4302,2019,Udinese,Sierralta Francisco,"Cile, Spagna",06/05/1997,192,
DE PAUL,C,,22,22,//www.fantacalcio.it/squadre/Udinese/DE-PAUL/1996,2019,Udinese,De Paul Rodrigo,"Argentina, Italia",24/04/1994,178,78
MANDRAGORA,C,,8,8,//www.fantacalcio.it/squadre/Udinese/MANDRAGORA/1933,2019,Udinese,Mandragora Rolando,Italia,29/06/1997,183,75
WALACE,C,M,7,7,//www.fantacalcio.it/squadre/Udinese/WALACE/2392,2019,Udinese,Walace,Brasile,04/04/1995,188,
COULIBALY,C,C,1,1,//www.fantacalcio.it/squadre/Udinese/COULIBALY/2144,2019,Udinese,Coulibaly Mamadou,Senegal,03/02/1999,183,
JAJALO,C,,4,4,//www.fantacalcio.it/squadre/Udinese/JAJALO/434,2019,Udinese,Jajalo Mato,"Bosnia-Erzegovina, Croazia",25/05/1988,182,77
BARAK,C,T,11,11,//www.fantacalcio.it/squadre/Udinese/BARAK/2172,2019,Udinese,Barak Antonin,Cechia,03/12/1994,190,
INGELSSON,C,,1,1,//www.fantacalcio.it/squadre/Udinese/INGELSSON/2191,2019,Udinese,Ingelsson Svante,Svezia,14/06/1998,189,
BALIC,C,,5,5,//www.fantacalcio.it/squadre/Udinese/BALIC/813,2019,Udinese,Balic Andrija,Croazia,11/08/1997,180,71
FOFANA,C,,11,11,//www.fantacalcio.it/squadre/Udinese/FOFANA/1986,2019,Udinese,Fofana Seko,"Francia, Costa d'Avorio",07/05/1995,183,74
SEMA,C,E,5,5,//www.fantacalcio.it/squadre/Udinese/SEMA/4524,2019,Udinese,Sema Ken,"Svezia, RD del Congo",30/09/1993,180,
NESTOROVSKI,A,Pc,10,10,//www.fantacalcio.it/squadre/Udinese/NESTOROVSKI/1943,2019,Udinese,Nestorovski Ilija,Macedonia del Nord,12/03/1990,182,
MICIN,A,A,1,1,//www.fantacalcio.it/squadre/Udinese/MICIN/2794,2019,Udinese,Micin Petar,Serbia,29/09/1998,189,
TEODORCZYK,A,Pc,8,8,//www.fantacalcio.it/squadre/Udinese/TEODORCZYK/2873,2019,Udinese,Teodorczyk Lukasz,Polonia,03/06/1991,188,
MATOS,A,,3,3,//www.fantacalcio.it/squadre/Udinese/MATOS/92,2019,Udinese,Matos Ryder,"Brasile, Italia",27/02/1993,180,71
PUSSETTO,A,,11,11,//www.fantacalcio.it/squadre/Udinese/PUSSETTO/2826,2019,Udinese,Pussetto Ignacio,Argentina,21/12/1995,180,
LASAGNA,A,Pc,16,16,//www.fantacalcio.it/squadre/Udinese/LASAGNA/90,2019,Udinese,Lasagna Kevin,Italia,10/08/1992,181,80
PERICA,A,Pc,3,3,//www.fantacalcio.it/squadre/Udinese/PERICA/605,2019,Udinese,Perica Stipe,Croazia,07/07/1995,192,76
BORGHETTO,P,Por,1,1,//www.fantacalcio.it/squadre/Verona/BORGHETTO/4410,2019,Verona,Borghetto Nicola,Italia,25/11/1999,188,
BERARDI A,P,Por,1,1,//www.fantacalcio.it/squadre/Verona/BERARDI-A/4491,2019,Verona,Berardi Alessandro,Italia,16/01/1991,185,
SILVESTRI,P,Por,6,6,//www.fantacalcio.it/squadre/Verona/SILVESTRI/2211,2019,Verona,Silvestri Marco,Italia,02/03/1991,191,
RADUNOVIC,P,Por,1,1,//www.fantacalcio.it/squadre/Verona/RADUNOVIC/3,2019,Verona,Radunovic Boris,Serbia,26/05/1996,194,85
CRESCENZI,D,,1,1,//www.fantacalcio.it/squadre/Verona/CRESCENZI/457,2019,Verona,Crescenzi Alessandro,Italia,25/09/1991,178,71
GUNTER,D,Dc,5,5,//www.fantacalcio.it/squadre/Verona/GUNTER/2758,2019,Verona,Gunter Koray,"Germania, Turchia",16/08/1994,185,
VITALE L,D,,4,4,//www.fantacalcio.it/squadre/Verona/VITALE-L/4496,2019,Verona,Vitale Luigi,Italia,05/10/1987,180,
BOCCHETTI,D,,7,7,//www.fantacalcio.it/squadre/Verona/BOCCHETTI/4420,2019,Verona,Bocchetti Salvatore,Italia,30/11/1986,186,
FARAONI,D,,4,4,//www.fantacalcio.it/squadre/Verona/FARAONI/581,2019,Verona,Faraoni Davide,Italia,25/10/1991,180,71
RRAHMANI,D,,4,4,//www.fantacalcio.it/squadre/Verona/RRAHMANI/4409,2019,Verona,Rrahmani Amir,"Kosovo, Albania",24/02/1994,192,
ADJAPONG,D,,3,3,//www.fantacalcio.it/squadre/Verona/ADJAPONG/824,2019,Verona,Adjapong Claud,Ghana,06/05/1998,179,
EMPEREUR,D,,4,4,//www.fantacalcio.it/squadre/Verona/EMPEREUR/4494,2019,Verona,Empereur Alan,"Brasile, Italia",10/03/1994,186,
MARRONE,D,Dc,4,4,//www.fantacalcio.it/squadre/Verona/MARRONE/84,2019,Verona,Marrone Luca,Italia,28/03/1990,186,75
DAWIDOWICZ,D,Dc,5,5,//www.fantacalcio.it/squadre/Verona/DAWIDOWICZ/4493,2019,Verona,Dawidowicz Pawel,Polonia,20/05/1995,191,
KUMBULLA,D,Dc,1,1,//www.fantacalcio.it/squadre/Verona/KUMBULLA/4495,2019,Verona,Kumbulla Marash,"Albania, Italia",08/02/2000,185,
DI GAUDIO,C,W,4,4,//www.fantacalcio.it/squadre/Verona/DI-GAUDIO/81,2019,Verona,Di Gaudio Antonio,Italia,16/08/1989,169,63
ZACCAGNI,C,,9,9,//www.fantacalcio.it/squadre/Verona/ZACCAGNI/632,2019,Verona,Zaccagni Mattia,Italia,16/06/1995,176,
DANZI,C,,2,2,//www.fantacalcio.it/squadre/Verona/DANZI/2726,2019,Verona,Danzi Andrea,Italia,25/02/1999,175,
MIGUEL VELOSO,C,,5,5,//www.fantacalcio.it/squadre/Verona/MIGUEL-VELOSO/2011,2019,Verona,Miguel Veloso,Portogallo,11/05/1986,180,
AMRABAT,C,,4,4,//www.fantacalcio.it/squadre/Verona/AMRABAT/4522,2019,Verona,Amrabat Sofyan,"Marocco, Olanda",21/08/1996,185,
BESSA,C,,9,9,//www.fantacalcio.it/squadre/Verona/BESSA/264,2019,Verona,Bessa Daniel,"Italia, Brasile",14/01/1993,178,68
LUCAS FELIPPE,C,C,1,1,//www.fantacalcio.it/squadre/Verona/LUCAS-FELIPPE/4499,2019,Verona,Lucas Felippe,"Brasile, Spagna",03/05/2000,178,
LAZOVIC,C,,7,7,//www.fantacalcio.it/squadre/Verona/LAZOVIC/236,2019,Verona,Lazovic Darko,Serbia,15/09/1990,181,
VERRE,C,,6,6,//www.fantacalcio.it/squadre/Verona/VERRE/600,2019,Verona,Verre Valerio,Italia,11/01/1994,180,70
BADU,C,,6,6,//www.fantacalcio.it/squadre/Verona/BADU/589,2019,Verona,Badu Emmanuel,Ghana,02/12/1990,173,71
HENDERSON L,C,C,4,4,//www.fantacalcio.it/squadre/Verona/HENDERSON-L/4498,2019,Verona,Henderson Liam,Scozia,25/04/1996,183,
TUTINO,A,A,1,1,//www.fantacalcio.it/squadre/Verona/TUTINO/4507,2019,Verona,Tutino Gennaro,Italia,20/08/1996,177,
RAGUSA,A,A,3,3,//www.fantacalcio.it/squadre/Verona/RAGUSA/2073,2019,Verona,Ragusa Antonino,Italia,27/03/1990,183,78
PAZZINI,A,Pc,10,10,//www.fantacalcio.it/squadre/Verona/PAZZINI/636,2019,Verona,Pazzini Giampaolo,Italia,02/08/1984,180,74
LEE,A,A,5,5,//www.fantacalcio.it/squadre/Verona/LEE/2324,2019,Verona,Lee Seung-Woo,Corea del Sud,06/01/1998,173,
DI CARMINE,A,Pc,13,13,//www.fantacalcio.it/squadre/Verona/DI-CARMINE/4500,2019,Verona,Di Carmine Samuel,Italia,29/09/1988,185,
TUPTA,A,Pc,1,1,//www.fantacalcio.it/squadre/Verona/TUPTA/767,2019,Verona,Tupta Lubomir,Slovacchia,27/03/1998,180,
